ID,Address,Rooms,Type,Price,Date,Bathroom,Car,Landsize,Age,Lattitude,Longtitude
ID236459255,26 Thomas St,3,h,1346000.0,10/12/2016,1.0,0.0,187.0,104.0,-37.8169,144.996
ID798431030,26 Queen St,3,h,1800000.0,28/08/2016,2.0,1.0,336.0,109.0,-37.8074,145.0318
ID888074357,44 Challis St,2,h,800000.0,4/03/2017,1.0,1.0,244.0,79.0,-37.846,144.8729
ID526287538,18 Tyler St,2,h,710000.0,3/12/2016,1.0,0.0,457.0,69.0,-37.7878,144.8369
ID438203273,1/29 Milan St,2,u,660000.0,17/06/2017,1.0,1.0,101.0,29.0,-37.98558,145.05966
ID243845071,10 Hood St,4,h,2155000.0,28/08/2016,2.0,3.0,620.0,22.0,-37.7985,145.0707
ID967848306,73 Mareeba Wy,4,h,523000.0,19/08/2017,2.0,2.0,484.0,10.0,-37.58012,144.91998
ID327155809,10 Through St,3,h,1425000.0,12/08/2017,1.0,1.0,333.0,89.0,-37.82737,145.02971000000005
ID583261894,564 Buckley St,3,h,630000.0,16/04/2016,2.0,1.0,221.0,39.0,-37.7504,144.8594
ID429182640,45 Bordeaux St,4,h,1545000.0,29/04/2017,3.0,2.0,647.0,54.0,-37.7819,145.1184
ID830574698,58 Alma Tce,3,h,1530000.0,8/04/2017,1.0,2.0,588.0,79.0,-37.8485,144.8909
ID282513436,592 Mountain Hwy,3,h,606000.0,29/07/2017,1.0,1.0,424.0,49.0,-37.842909999999996,145.25545
ID728591382,100 Reynard St,4,h,975000.0,27/11/2016,2.0,2.0,307.0,23.0,-37.74800000000001,144.9602
ID274180665,219 Waiora Rd,3,h,915000.0,23/09/2017,2.0,2.0,604.0,64.0,-37.730979999999995,145.06043
ID726302940,101 Roberts St,3,h,1050000.0,4/06/2016,2.0,1.0,462.0,59.0,-37.8128,144.8695
ID486973704,59 Wetherby Rd,4,h,1250000.0,27/05/2017,2.0,3.0,733.0,39.0,-37.79197,145.14257
ID597670771,262 Union Rd,4,h,3290000.0,22/05/2016,3.0,2.0,1007.0,109.0,-37.8135,145.0995
ID732966823,12 Hardiman St,3,h,1135000.0,15/10/2016,1.0,0.0,0.0,104.0,-37.7957,144.93200000000004
ID514509089,72 Ormonde Rd,4,h,890000.0,29/07/2017,2.0,2.0,659.0,27.0,-37.89508,145.27879
ID462169163,3 Grandview Rd,3,h,845000.0,26/08/2017,1.0,1.0,345.0,69.0,-37.73901,144.89154
ID286776484,1/57 Blyth St,3,u,730000.0,16/04/2016,2.0,1.0,70.0,29.0,-37.868,144.8287
ID644074667,24 Talbot St,3,h,631500.0,18/06/2016,1.0,3.0,593.0,54.0,-37.7133,144.947
ID625000110,127 Elizabeth St,3,h,637000.0,18/06/2016,1.0,4.0,498.0,69.0,-37.7323,144.9833
ID553998298,43 Ballarat St,2,h,767000.0,25/02/2017,1.0,0.0,128.0,99.0,-37.8179,144.8908
ID432456435,9a Elizabeth St,3,h,1355000.0,15/10/2016,1.0,2.0,759.0,89.0,-37.9057,145.0166
ID755654275,3/35 Creswick St,2,u,815000.0,18/06/2016,1.0,1.0,0.0,79.0,-37.8184,145.0163
ID963863564,65B Hotham St,2,h,1320000.0,4/03/2017,2.0,1.0,0.0,119.0,-37.7969,144.9885
ID588239012,10 Hastings St,3,h,1460000.0,17/09/2016,1.0,2.0,742.0,69.0,-37.8529,145.0962
ID934008152,7/177 Oakleigh Rd,2,u,580010.0,8/07/2017,1.0,1.0,0.0,49.0,-37.9003,145.06342
ID856734081,43 Stawell St,3,h,830000.0,17/06/2017,2.0,2.0,1025.0,49.0,-37.90188,144.65138000000005
ID379883600,2 Rodney Cl,4,h,1500000.0,19/08/2017,2.0,2.0,657.0,83.0,-37.90466,145.19433999999995
ID802705832,30 Nicholson St,3,t,2030000.0,20/05/2017,2.0,2.0,201.0,139.0,-37.8428,144.9877
ID146037372,1 Egginton St,4,h,1268000.0,24/06/2017,2.0,2.0,645.0,69.0,-37.76097,144.93933
ID968161959,1/919 Pascoe Vale Rd,3,t,370000.0,8/10/2016,2.0,1.0,259.0,16.0,-37.6977,144.9149
ID515595034,5 Kallara Gr,3,t,730000.0,7/11/2016,1.0,2.0,250.0,19.0,-37.7861,144.8897
ID195604579,50 Gloucester St,3,h,950000.0,19/11/2016,2.0,2.0,565.0,99.0,-37.7196,144.997
ID349155533,53 Addison St,4,h,1875000.0,27/06/2016,3.0,0.0,235.0,14.0,-37.8775,144.9808
ID669176705,2 Moore St,1,h,911000.0,29/04/2017,1.0,0.0,126.0,119.0,-37.8259,145.0107
ID651207887,5 Henry Rd,4,h,2020000.0,17/06/2017,2.0,2.0,1183.0,59.0,-37.87104,145.23807
ID125057408,1 Otford Cl,3,h,975000.0,17/09/2016,1.0,2.0,576.0,79.0,-37.9363,145.0495
ID142855249,7/7 Simpson St,2,u,430000.0,15/10/2016,1.0,1.0,0.0,49.0,-37.7813,145.0062
ID647205654,23 Park St,2,h,1015000.0,23/09/2017,1.0,1.0,145.0,89.0,-37.7754,144.99275
ID576429494,10 Pender St,4,h,875000.0,27/06/2016,1.0,2.0,400.0,79.0,-37.7371,145.0111
ID412835519,1/493 Hoddle St,2,u,533000.0,24/09/2016,1.0,1.0,0.0,49.0,-37.7931,144.9938
ID557548518,1472 Dandenong Rd,2,h,750000.0,22/05/2016,2.0,2.0,607.0,69.0,-37.8964,145.0977
ID975493253,11/48 Princess St,2,u,590000.0,15/10/2016,1.0,1.0,0.0,44.0,-37.805,145.0294
ID984561971,806/50 Albert Rd,2,u,593000.0,3/09/2016,2.0,1.0,0.0,7.0,-37.8341,144.9713
ID235659569,34 Kerferd St,4,h,3000000.0,12/08/2017,3.0,3.0,736.0,12.0,-37.86954,145.0444
ID116522589,21 Ruthven St,3,h,1050000.0,7/05/2016,1.0,2.0,1016.0,69.0,-37.7299,145.0656
ID755295149,31 Frederick St,4,h,1320000.0,7/05/2016,2.0,1.0,319.0,104.0,-37.8197,144.8957
ID352006766,1/112 Tambet St,2,h,742500.0,12/11/2016,1.0,1.0,300.0,59.0,-37.9099,145.0726
ID419005213,20 Austral Av,4,h,1485000.0,29/07/2017,1.0,2.0,509.0,99.0,-37.74684,144.9933
ID439704115,3/2 Cooper St,3,t,500000.0,27/06/2016,1.0,2.0,224.0,34.0,-37.7863,144.8401
ID231309229,41 Shelley St,3,h,1465000.0,12/11/2016,2.0,2.0,233.0,26.0,-37.8122,144.9937
ID785244478,14 Avoca St,3,h,1155000.0,17/06/2017,2.0,1.0,650.0,69.0,-37.95378,145.03267
ID695573036,3 Rose St,2,t,1470000.0,29/04/2017,1.0,1.0,238.0,14.0,-37.8985,145.0048
ID153937981,5 Davidson St,4,h,951000.0,26/08/2017,1.0,1.0,654.0,59.0,-37.75399,145.03606000000005
ID557395154,4 French Ct,3,h,660000.0,3/12/2016,1.0,0.0,583.0,49.0,-37.7137,145.0778
ID737592799,5 Arnot St,3,t,1230000.0,28/05/2016,2.0,2.0,297.0,39.0,-37.9124,145.0132
ID435873113,39 Diane Cr,3,h,930000.0,12/08/2017,1.0,4.0,905.0,99.0,-37.78216,145.30721
ID493539745,16a Arbor Tce,3,u,665000.0,16/04/2016,2.0,1.0,289.0,7.0,-37.7644,144.8657
ID865318509,28 Central Av,2,h,942000.0,19/08/2017,1.0,1.0,241.0,104.0,-37.79583,144.89406
ID417004114,3/11 Norfolk Rd,3,t,1330500.0,3/12/2016,2.0,2.0,226.0,15.0,-37.8275,145.0958
ID872457390,13 Apollo Rd,3,h,685000.0,29/07/2017,1.0,2.0,678.0,15.0,-37.70892,144.80087
ID905819377,9 Sunview Pl,4,h,950000.0,8/07/2017,4.0,2.0,603.0,12.0,-38.06788,145.33966999999996
ID273710034,222 Barkly St,5,h,2500000.0,19/11/2016,2.0,2.0,555.0,129.0,-37.7767,144.9645
ID491297629,72 Middle St,3,h,721000.0,12/11/2016,1.0,3.0,539.0,59.0,-37.7098,144.9446
ID545744107,32 Elton Rd,3,h,663500.0,3/06/2017,1.0,2.0,736.0,59.0,-37.88909,145.26935
ID136913764,3/769 High St,3,t,1101000.0,27/11/2016,1.0,2.0,103.0,19.0,-37.8542,145.0135
ID478777796,8 Vera St,3,h,1050000.0,15/10/2016,2.0,1.0,728.0,54.0,-37.7765,145.1031
ID636570714,4 Lidgett St,3,h,285000.0,8/07/2017,1.0,2.0,612.0,5.0,-37.67344,144.43181
ID792732667,122 Stephen St,1,u,510000.0,11/02/2017,1.0,2.0,0.0,15.0,-37.8173,144.894
ID792549531,12 McNamara St,4,h,1385000.0,26/08/2017,2.0,2.0,588.0,59.0,-37.97258,145.05123
ID396304291,15 Outhwaite Rd,4,h,1086000.0,12/11/2016,2.0,2.0,724.0,59.0,-37.7404,145.0582
ID418300095,1107/50 Albert Rd,1,u,320000.0,27/11/2016,1.0,0.0,0.0,142.0,-37.8341,144.9713
ID658449374,6/4 Belvedere Cl,3,h,780000.0,22/05/2016,3.0,2.0,173.0,19.0,-37.773,144.8947
ID162031541,39 Barry St,3,h,1710000.0,4/06/2016,1.0,1.0,247.0,129.0,-37.7798,144.9952
ID714934935,19 Smith St,5,h,1000000.0,23/09/2017,2.0,6.0,892.0,15.0,-37.70176,145.0118
ID480858897,24 Northwood Dr,5,h,1025000.0,17/09/2016,3.0,2.0,531.0,41.0,-37.7378,145.0955
ID824301203,1/33 Yeovil Rd,3,t,1625000.0,10/12/2016,2.0,2.0,365.0,39.0,-37.8526,145.0853
ID803056293,4 Pershore Ct,3,h,635000.0,29/07/2017,2.0,1.0,691.0,44.0,-37.68026,144.88468
ID871368353,20 Scotia St,2,h,800000.0,27/06/2016,2.0,1.0,55.0,8.0,-37.8014,144.9488
ID586562475,14 Derham St,4,h,1300000.0,27/05/2017,2.0,2.0,730.0,26.0,-37.8257,144.87552
ID531734185,96 Whitelaw St,3,h,650000.0,10/09/2016,1.0,1.0,700.0,69.0,-37.7125,145.02200000000005
ID249101569,31A Beaconsfield Rd,3,h,840000.0,1/07/2017,1.0,2.0,509.0,19.0,-37.708220000000004,145.11495
ID595165738,13 Abbott St,3,h,835000.0,17/09/2016,1.0,3.0,459.0,129.0,-37.8255,144.8709
ID228842139,23 Dougharty Rd,2,h,570000.0,27/11/2016,1.0,3.0,428.0,25.0,-37.7355,145.0573
ID949577715,3 Camden Rd,2,h,2920000.0,10/12/2016,1.0,3.0,791.0,91.0,-37.8251,145.0385
ID121057153,52 Brighton St,2,h,1506000.0,7/05/2016,2.0,1.0,220.0,99.0,-37.8284,144.9989
ID323990124,100 Buckingham Dr,4,h,1430000.0,8/07/2017,2.0,3.0,680.0,49.0,-37.74605,145.08504
ID569816919,70 Barry St,3,h,785000.0,24/09/2016,1.0,1.0,719.0,5.0,-37.709,145.0015
ID228847813,22/2 Arthur St,1,u,300000.0,24/09/2016,1.0,1.0,0.0,14.0,-37.7441,144.9999
ID892443892,1/1 Paul St,2,u,522500.0,18/06/2016,1.0,1.0,145.0,49.0,-37.7874,145.1043
ID299415104,1/66 Lorne St,3,u,470000.0,26/07/2016,0.0,0.0,261.0,54.0,-37.7158,144.9722
ID715436034,2/49 Hamilton St,2,t,617500.0,10/09/2016,1.0,1.0,237.0,7.0,-37.74,144.8851
ID312218829,30 Daphne St,3,h,1385000.0,27/05/2017,2.0,3.0,654.0,53.0,-37.78496,145.14659
ID250082335,75 Scott St,5,h,1900000.0,15/10/2016,3.0,2.0,646.0,94.0,-37.7625,144.9074
ID152617290,187 Southern Rd,2,h,715000.0,25/02/2017,1.0,3.0,609.0,69.0,-37.7415,145.0391
ID146820894,7 Kewarren Ct,4,h,975000.0,16/09/2017,2.0,2.0,301.0,14.0,-37.73697,144.97568
ID147979971,26 Railway Rd,4,h,1667000.0,20/05/2017,2.0,2.0,615.0,99.0,-37.8928,145.0531
ID443408775,5 Nicholsdale Rd,4,h,1400000.0,16/04/2016,0.0,0.0,693.0,84.0,-37.836,145.0914
ID202237778,110 Vale St,2,h,4525000.0,3/12/2016,2.0,1.0,220.0,129.0,-37.8181,144.9879
ID914562229,138/56 Nicholson St,3,u,1090000.0,18/03/2017,2.0,2.0,4290.0,9.0,-37.8078,144.9965
ID303213032,4 Baker Pde,3,h,1500000.0,22/05/2016,1.0,2.0,545.0,29.0,-37.8605,145.0833
ID578668712,8/39 Maribyrnong Rd,3,t,762000.0,15/07/2017,1.0,1.0,0.0,109.0,-37.77261,144.92276
ID731344330,17 McGregor St,4,h,3130000.0,9/09/2017,2.0,2.0,618.0,19.0,-37.82875,145.08403
ID976447079,1/4 Kenilworth St,3,u,631000.0,8/04/2017,1.0,1.0,267.0,49.0,-37.714,145.007
ID971820933,1/19 Cameron Rd,2,u,691000.0,25/02/2017,1.0,1.0,201.0,24.0,-37.7454,144.928
ID158278181,25 Norfolk St,3,h,950000.0,16/04/2016,1.0,2.0,240.0,139.0,-37.8202,144.8896
ID801374114,66 Durham Rd,4,h,1455000.0,10/12/2016,2.0,1.0,494.0,89.0,-37.8317,145.0901
ID369909239,22/9 Lisson Gr,1,u,445000.0,19/11/2016,1.0,1.0,0.0,49.0,-37.8261,145.0269
ID380929374,27 Kensley Cct,4,h,492000.0,24/06/2017,2.0,2.0,479.0,10.0,-37.57005,144.91908999999995
ID457816612,19 Gordon Gr,3,h,1950000.0,7/05/2016,1.0,1.0,325.0,109.0,-37.8636,145.0301
ID518085901,27/78 Holyrood St,2,u,685000.0,12/06/2016,1.0,2.0,0.0,119.0,-37.9339,145.0023
ID437413898,14 Sutherland St,3,h,716000.0,27/11/2016,1.0,2.0,594.0,29.0,-37.709,144.9483
ID714937771,6a Scott St,4,h,1650000.0,3/09/2016,2.0,2.0,317.0,14.0,-37.8344,145.0422
ID237995176,2 Erica Ct,2,h,736500.0,27/05/2017,1.0,1.0,271.0,5.0,-37.75329,145.04058999999995
ID420172356,17 Ramleh Rd,3,h,692500.0,23/04/2016,2.0,2.0,803.0,5.0,-37.7086,145.0313
ID433447174,21 Crown St,3,h,1165000.0,28/08/2016,1.0,1.0,167.0,15.0,-37.8167,145.0098
ID558115296,1 Mikado St,3,h,870000.0,27/05/2017,1.0,6.0,700.0,6.0,-37.705690000000004,144.94048
ID620917911,23 William St,3,h,1377000.0,22/08/2016,1.0,2.0,314.0,129.0,-37.8202,145.0404
ID399752719,29 Argyle St,3,h,1175000.0,20/05/2017,1.0,2.0,625.0,13.0,-37.911,145.075
ID627671485,34 Glenroy Rd,3,h,805000.0,8/07/2017,1.0,2.0,676.0,69.0,-37.70691,144.93498
ID129466646,49 Fenwick St,3,h,1680000.0,19/11/2016,2.0,1.0,201.0,14.0,-37.7884,145.0
ID317470802,86 Prospect Dr,3,h,690000.0,8/10/2016,2.0,2.0,568.0,49.0,-37.7469,144.8526
ID268830957,45 Yuile St,3,h,1655000.0,10/12/2016,1.0,3.0,780.0,79.0,-37.8599,145.0815
ID271862441,7/138 New St,1,u,495000.0,29/07/2017,1.0,1.0,0.0,49.0,-37.91814,144.99296999999999
ID742679108,76 Champion St,3,h,1900000.0,12/08/2017,2.0,1.0,35.0,57.0,-37.9214,145.00454
ID862438336,15 Dennis St,5,h,675000.0,1/07/2017,2.0,2.0,750.0,11.0,-37.67227000000001,145.03595
ID174796392,1/29 Margaret St,3,t,770000.0,16/07/2016,2.0,2.0,264.0,10.0,-37.722,144.9192
ID436465912,3/24 South Rd,3,u,1602000.0,10/12/2016,2.0,2.0,328.0,19.0,-37.9288,144.9954
ID158464779,35 The Grove,8,u,2250000.0,4/03/2017,2.0,4.0,983.0,99.0,-37.7517,144.9699
ID157985902,344 Gaffney St,3,h,810000.0,11/02/2017,1.0,1.0,470.0,69.0,-37.7315,144.9399
ID772026499,1/23 Wickham Rd,3,h,926000.0,18/06/2016,2.0,2.0,393.0,69.0,-37.9431,145.0267
ID751380930,22 Mortimore St,3,h,1610000.0,22/07/2017,2.0,2.0,672.0,59.0,-37.92768,145.04268000000005
ID914161606,9 James St,3,h,750000.0,15/07/2017,1.0,1.0,724.0,69.0,-37.71097,144.97324
ID826181802,3 Clairmont St,3,h,787000.0,3/06/2017,1.0,3.0,716.0,64.0,-37.77917,144.81407
ID429226616,6 Tonmar Ct,4,h,1000000.0,26/08/2017,2.0,2.0,624.0,59.0,-37.84389,145.17345
ID932087677,6/56 Red Bluff St,2,u,879000.0,17/06/2017,1.0,1.0,0.0,49.0,-37.963409999999996,145.01735
ID246329279,7/74 Hawdon St,2,u,534000.0,8/07/2017,1.0,1.0,2033.0,49.0,-37.75715,145.06463
ID276478743,51 Kellett St,4,h,1590000.0,4/06/2016,1.0,1.0,484.0,94.0,-37.7672,145.0095
ID210219574,3/16 Elphin St,1,u,420000.0,16/04/2016,1.0,1.0,55.0,49.0,-37.7772,145.0414
ID893915863,25 Lodden St,4,h,626800.0,7/11/2016,1.0,2.0,581.0,69.0,-37.7712,144.8336
ID171419039,20 Botanic Dr,3,h,745000.0,17/06/2017,2.0,2.0,180.0,54.0,-37.93898,145.13648
ID327139676,3 Astley St,4,h,920000.0,22/08/2016,2.0,2.0,678.0,39.0,-37.7613,145.1047
ID595475856,4 Anchor Pl,4,h,1805000.0,17/06/2017,2.0,1.0,105.0,4.0,-37.85102,144.99408
ID234004821,4/6 Crown Av,2,u,600000.0,29/07/2017,1.0,1.0,0.0,52.0,-38.00765,145.0935
ID449118541,7 Essex St,2,h,747000.0,19/11/2016,1.0,1.0,320.0,119.0,-37.7964,144.8871
ID390664907,1/5 Glover St,3,h,590000.0,17/06/2017,1.0,2.0,290.0,69.0,-37.7368,145.05048
ID293408987,1/33 Riviera St,2,u,641000.0,29/07/2017,1.0,1.0,0.0,39.0,-37.978359999999995,145.07303000000005
ID682665226,5/1 Headley St,2,t,600000.0,4/03/2017,1.0,1.0,145.0,9.0,-37.7295,144.9641
ID192560368,28/18 Mawbey St,3,u,551000.0,10/12/2016,1.0,1.0,4440.0,7.0,-37.7898,144.9233
ID328838226,13/52 Moubray St,1,u,442500.0,25/02/2017,1.0,0.0,0.0,49.0,-37.8421,144.9517
ID165740387,30 Valley Pde,4,h,2100000.0,27/11/2016,2.0,2.0,645.0,89.0,-37.8516,145.061
ID552053499,38 Garnet St,4,h,1160000.0,28/05/2016,3.0,2.0,424.0,69.0,-37.74800000000001,144.8873
ID174085951,22 Bambara Ct,4,h,705000.0,27/11/2016,2.0,4.0,759.0,44.0,-37.7951,144.8213
ID258986063,4 Besant St,3,h,1070000.0,19/11/2016,1.0,3.0,583.0,49.0,-37.9428,145.0296
ID905266209,1/9 Binnie St,2,u,817500.0,3/09/2017,1.0,1.0,111.0,94.0,-37.92416,145.00658
ID747241291,7 Colvin Gr,3,h,1700000.0,6/05/2017,1.0,2.0,338.0,109.0,-37.8139,145.0243
ID599561148,12 Coane St,3,h,960000.0,25/02/2017,1.0,2.0,641.0,69.0,-37.7253,144.938
ID523169522,1/52 Leila Rd,3,u,1275000.0,3/06/2017,2.0,2.0,750.0,35.0,-37.90092,145.04924
ID268597850,8/19 Empire St,2,u,281000.0,10/12/2016,1.0,1.0,0.0,39.0,-37.7891,144.8912
ID191254206,39 Winifred St,4,h,1350000.0,23/09/2017,2.0,2.0,264.0,23.0,-37.76898,144.9858
ID402368215,124 Woodland St,3,h,1500000.0,17/09/2016,2.0,4.0,722.0,69.0,-37.7427,144.9226
ID522068369,502/416 Gore St,2,u,790000.0,8/07/2017,1.0,2.0,6367.0,89.0,-37.7967,144.98363
ID413190295,167 Victoria Dr,3,h,740000.0,3/06/2017,2.0,2.0,545.0,36.0,-37.68403,144.99246000000005
ID168063586,5/82 Gooch St,2,u,432500.0,27/06/2016,1.0,1.0,748.0,54.0,-37.7587,145.0064
ID675164079,101 McCracken St,3,h,1470000.0,18/03/2017,1.0,1.0,687.0,3.0,-37.7442,144.9045
ID144047830,18 Crimea St,5,h,5046000.0,10/12/2016,3.0,3.0,1294.0,135.0,-37.8589,144.9883
ID986153579,8B Myrtle St,2,t,1055000.0,27/11/2016,2.0,1.0,191.0,44.0,-37.813,145.0167
ID520879657,14 Danaher Av,3,h,366000.0,16/09/2017,1.0,1.0,502.0,41.0,-37.40853,144.97749
ID587319793,2/11 Maroona Rd,2,u,415000.0,18/06/2016,1.0,1.0,0.0,49.0,-37.8889,145.048
ID260952525,2/52 Barton St,2,u,807000.0,17/06/2017,1.0,1.0,1501.0,59.0,-37.81665,145.10043000000005
ID660589438,1/28 Clarence St,3,u,782000.0,22/05/2016,1.0,1.0,0.0,49.0,-37.8921,145.0106
ID351246365,19 Alston St,3,h,1250000.0,24/06/2017,1.0,2.0,695.0,59.0,-37.75506,145.01841000000005
ID317109879,33 North St,3,h,720000.0,25/02/2017,1.0,1.0,585.0,44.0,-37.72,144.878
ID660177681,54 Victoria St,5,h,2550000.0,19/08/2017,2.0,2.0,840.0,109.0,-37.8633,144.88871
ID361215100,11 Keiller St,3,h,1060000.0,16/09/2017,2.0,3.0,465.0,71.0,-37.93524,145.03438
ID778014922,124 Abbott St,3,h,1651000.0,22/07/2017,2.0,1.0,390.0,69.0,-37.95035,145.01571
ID921339107,6 Paul Gr,4,h,675000.0,24/06/2017,2.0,2.0,1031.0,59.0,-38.00224,145.41081
ID334542684,12 Leonard St,4,h,1350000.0,24/09/2016,2.0,1.0,727.0,12.0,-37.8669,145.1106
ID566571933,5/3 Lennox St,2,u,420000.0,10/09/2016,1.0,1.0,0.0,69.0,-37.7701,144.9079
ID465879429,3/30 Beaumont Pde,1,h,280000.0,15/07/2017,1.0,1.0,45.0,49.0,-37.80728,144.86702
ID764520375,13 Montgomery St,2,h,1300000.0,3/09/2017,1.0,2.0,502.0,104.0,-38.00663,145.08491999999995
ID974693085,8A Tangyes St,3,h,1210000.0,8/07/2017,2.0,1.0,330.0,7.0,-37.72623,144.94521
ID683178532,29 Hendricks Cr,4,h,650000.0,19/08/2017,3.0,1.0,693.0,39.0,-37.68196,144.90661
ID777710414,7 Victoria St,4,h,2640000.0,4/03/2017,2.0,2.0,650.0,29.0,-37.8671,144.8875
ID819256059,42 Valiant St,2,h,890000.0,17/09/2016,1.0,1.0,150.0,34.0,-37.8011,145.0004
ID411203672,7 Donnelly Ct,4,h,646000.0,29/04/2017,2.0,2.0,658.0,39.0,-37.7358,144.8217
ID413154932,3/67 Livingstone St,2,u,630000.0,24/09/2016,1.0,1.0,199.0,89.0,-37.7666,145.0356
ID921408163,18 Longford Ct,4,h,570000.0,10/09/2016,2.0,2.0,558.0,49.0,-37.7369,144.8252
ID927620859,3/11 Scott St,2,u,550000.0,17/06/2017,1.0,1.0,605.0,49.0,-37.879870000000004,144.99251999999996
ID256186627,3/9 Mountain View Pde,4,h,915000.0,14/05/2016,3.0,2.0,0.0,11.0,-37.7449,145.0596
ID632378181,19 Barak St,4,h,1100000.0,24/09/2016,2.0,2.0,693.0,44.0,-37.7743,145.0863
ID175447476,7 Whitty St,2,h,555000.0,18/06/2016,1.0,1.0,254.0,49.0,-37.7881,144.8354
ID358211608,2/3 Eldridge St,1,u,216000.0,4/02/2016,1.0,1.0,0.0,49.0,-37.7907,144.8924
ID673664645,215 Clarke St,4,h,3850000.0,30/07/2016,4.0,8.0,1390.0,107.0,-37.7767,144.9996
ID424575456,55 Stanhope St,4,h,753000.0,9/09/2017,1.0,2.0,696.0,74.0,-37.685629999999996,144.92998
ID989078119,790 North Rd,5,h,1600000.0,16/07/2016,2.0,2.0,659.0,89.0,-37.906,145.0547
ID708957722,1 Rosedale Rd,4,h,1390000.0,28/05/2016,2.0,3.0,397.0,94.0,-37.8578,145.06799999999996
ID769914320,2/70 Windsor St,2,h,945000.0,29/07/2017,1.0,1.0,126.0,129.0,-37.80473,144.89095
ID268830957,45 Yuile St,3,h,1655000.0,10/12/2016,1.0,3.0,780.0,79.0,-37.8599,145.0815
ID542289885,401/40 Altona St,2,u,445000.0,29/07/2017,1.0,1.0,1775.0,49.0,-37.79818,144.92685
ID634140205,11 Station St,3,h,725000.0,23/04/2016,1.0,0.0,238.0,119.0,-37.7539,144.9612
ID113866875,36 Cameron Pde,4,h,850000.0,26/08/2017,2.0,3.0,543.0,94.0,-37.69852,145.06523
ID792784598,60 Gardner St,2,h,1110000.0,6/05/2017,1.0,0.0,166.0,59.0,-37.8172,145.0053
ID954266682,20 Ruskin Rd,3,h,1880000.0,18/06/2016,2.0,2.0,668.0,99.0,-37.8489,145.0711
ID835634007,9 Powlett St,4,h,596000.0,17/06/2017,2.0,2.0,512.0,49.0,-37.61133,145.0945
ID479504405,2b Dundas Pl,3,h,1532000.0,26/07/2016,3.0,1.0,0.0,109.0,-37.8415,144.9585
ID160566808,3/180 Sycamore St,2,u,636500.0,8/07/2017,1.0,1.0,0.0,49.0,-37.89063,145.02608999999995
ID228322344,13 Claronga St,3,h,885000.0,4/06/2016,1.0,2.0,565.0,69.0,-37.9262,145.0808
ID392817720,48 Kenmare St,3,h,2588000.0,7/11/2016,3.0,2.0,1149.0,99.0,-37.812,145.1095
ID342525346,26 Snow St,5,h,765000.0,29/07/2017,3.0,4.0,650.0,49.0,-37.72285,144.86073000000005
ID418819565,17 Norma St,2,h,621000.0,1/07/2017,1.0,0.0,610.0,80.0,-37.67629,145.15589
ID590529765,1/33 Oconnor St,2,t,672000.0,29/07/2017,1.0,1.0,243.0,7.0,-37.71045,145.0018
ID709151646,1 Tudor St,3,h,820000.0,10/12/2016,2.0,4.0,805.0,69.0,-37.708,144.9211
ID338689144,40 Ogrady St,2,h,1330000.0,15/10/2016,1.0,0.0,116.0,119.0,-37.7904,144.9726
ID547758973,3 Golf Rd,3,h,860000.0,19/11/2016,2.0,3.0,472.0,49.0,-37.734,144.9728
ID328260111,439 Plenty Rd,3,h,1000000.0,10/12/2016,2.0,2.0,143.0,44.0,-37.7381,145.0116
ID529585015,42 Sadie St,3,h,822000.0,4/03/2017,1.0,4.0,700.0,69.0,-37.6988,144.9438
ID338016308,3A Crete Av,3,h,1210000.0,23/09/2017,1.0,3.0,407.0,64.0,-37.8696,145.0866
ID231581610,9 Ernst St,3,h,1474000.0,22/08/2016,2.0,2.0,753.0,12.0,-37.7753,145.1114
ID947661098,16/341 Heidelberg Rd,2,u,420000.0,8/04/2017,1.0,1.0,1000.0,44.0,-37.7836,145.0139
ID827302481,27 Charles St,2,h,1030000.0,30/07/2016,1.0,1.0,172.0,89.0,-37.8086,144.9946
ID995737354,31b Purtell St,4,t,1465000.0,18/06/2016,2.0,2.0,319.0,4.0,-37.9256,145.0533
ID915557472,7 Austin St,3,h,740000.0,22/07/2017,1.0,2.0,968.0,64.0,-37.88523,145.28553
ID775625663,14/2 Exhibition St,2,u,1160500.0,4/03/2017,2.0,1.0,4230.0,13.0,-37.8157,144.9727
ID145475344,97 The Crescent,3,h,1100000.0,24/06/2017,2.0,2.0,239.0,119.0,-37.77263,144.92045
ID431366885,98 Epsom Rd,3,h,971000.0,4/06/2016,2.0,2.0,285.0,119.0,-37.775,144.9091
ID176672641,32 Page St,2,h,1340000.0,25/02/2017,1.0,0.0,136.0,109.0,-37.846,144.9517
ID700268247,5 Evans Ct,3,h,586000.0,29/07/2017,1.0,1.0,677.0,39.0,-37.69265,144.92653
ID329847355,33 Argyle Rd,4,h,2286000.0,15/10/2016,3.0,2.0,712.0,44.0,-37.8034,145.0527
ID290682446,5 Raleigh St,3,h,1290000.0,28/05/2016,1.0,2.0,605.0,89.0,-37.7541,144.9265
ID253713748,7 Kenneth St,3,h,1100000.0,4/03/2017,2.0,3.0,490.0,69.0,-37.7413,145.0203
ID452022591,5 Harcourt St,2,h,1495000.0,8/04/2017,1.0,2.0,803.0,69.0,-37.8683,145.1064
ID632378181,19 Barak St,4,h,1100000.0,24/09/2016,2.0,2.0,693.0,44.0,-37.7743,145.0863
ID459350481,4/305 Cumberland Rd,1,u,248500.0,28/08/2016,1.0,1.0,49.0,49.0,-37.7152,144.9402
ID496000526,30 Holyrood St,4,h,2420000.0,10/09/2016,3.0,2.0,560.0,5.0,-37.9333,144.9977
ID485750708,989 Drummond St,3,h,2950000.0,7/05/2016,1.0,2.0,499.0,109.0,-37.7811,144.9715
ID905367464,194 Miller St,4,h,950000.0,27/11/2016,2.0,1.0,243.0,14.0,-37.7506,144.9847
ID305118743,325 The Boulevard,5,h,2325000.0,13/05/2017,3.0,2.0,737.0,11.0,-37.7794,145.0647
ID831413271,12 Beverley Gr,3,h,1800000.0,3/09/2017,2.0,2.0,786.0,104.0,-37.87834,145.12131000000005
ID701251216,7/4 Small St,1,u,580000.0,8/07/2017,2.0,1.0,486.0,7.0,-37.93953,145.00096000000005
ID866736489,1002/480 Riversdale Rd,2,u,1462000.0,8/04/2017,2.0,3.0,0.0,9.0,-37.8315,145.0559
ID311797675,6/241 Nicholson St,1,u,300000.0,8/10/2016,1.0,1.0,0.0,129.0,-37.8008,144.9973
ID842476451,7 Carmody St,3,t,918000.0,17/06/2017,2.0,1.0,207.0,7.0,-37.85682,145.10873
ID804724399,125/173 City Rd,1,u,425000.0,16/04/2016,1.0,1.0,0.0,15.0,-37.8245,144.9622
ID750723934,68 Finlayson St,3,h,860000.0,16/07/2016,1.0,2.0,583.0,39.0,-37.7346,145.0715
ID884005204,33 Kennedy St,3,h,1158000.0,6/05/2017,1.0,1.0,1011.0,49.0,-37.7115,144.912
ID865238139,6/26 Ruskin St,2,u,500000.0,22/05/2016,1.0,1.0,0.0,49.0,-37.8761,144.9821
ID691952304,4/38 MacFarlan St,2,u,965000.0,3/12/2016,2.0,2.0,2143.0,21.0,-37.8393,144.9886
ID256371424,2/4 Tyne St,3,h,1290000.0,27/05/2017,2.0,2.0,321.0,22.0,-37.846270000000004,145.08366
ID184231767,4 Dee St,4,t,1450000.0,29/07/2017,3.0,2.0,232.0,7.0,-37.80345,145.07969
ID632685133,107 Alma St,3,h,1575000.0,25/02/2017,1.0,4.0,1000.0,89.0,-37.7936,144.8639
ID784981956,33 Ross St,4,h,1835000.0,28/05/2016,2.0,2.0,619.0,89.0,-37.8171,145.0934
ID157985902,344 Gaffney St,3,h,810000.0,11/02/2017,1.0,1.0,470.0,69.0,-37.7315,144.9399
ID651784622,2 McKay St,3,h,775000.0,3/06/2017,2.0,3.0,540.0,39.0,-37.79067,144.83803999999995
ID418363173,1 millgrove St,3,h,890000.0,26/08/2017,1.0,2.0,724.0,39.0,-37.88953,145.22056
ID813623877,31 Bowen St,2,h,860000.0,11/02/2017,1.0,1.0,301.0,99.0,-37.7695,144.9092
ID714217415,91 Henty St,3,h,600000.0,8/10/2016,1.0,1.0,370.0,39.0,-37.719,144.9971
ID374705598,9A The Crossway,3,h,620000.0,19/08/2017,2.0,1.0,292.0,6.0,-37.74695,144.86625
ID469044555,18 Grandvalley Dr,2,t,520000.0,1/07/2017,2.0,2.0,62.0,5.0,-37.738929999999996,144.87661
ID983894011,3 Border Dr,3,h,918000.0,22/07/2017,2.0,2.0,669.0,19.0,-37.73936,144.85873999999995
ID647504743,13 Batman St,5,h,2400000.0,28/05/2016,2.0,2.0,1315.0,29.0,-37.7548,144.8915
ID789460817,87 Pasco St,3,h,1285000.0,29/07/2017,1.0,0.0,296.0,52.0,-37.86335,144.89487
ID550201367,297 New St,4,h,2800000.0,10/12/2016,3.0,3.0,596.0,19.0,-37.9059,144.9927
ID806621573,22 Russell St,3,h,1100000.0,8/04/2017,2.0,3.0,709.0,49.0,-37.7612,145.0968
ID662039161,20 Northam Rd,3,h,1315000.0,3/06/2017,1.0,2.0,617.0,69.0,-37.92284,145.06423
ID556630596,78 Jenkins St,3,h,1590000.0,24/06/2017,1.0,1.0,563.0,39.0,-37.765570000000004,145.01051999999999
ID179899085,206 Manningham Rd,4,h,1225000.0,7/05/2016,2.0,2.0,723.0,49.0,-37.7724,145.1033
ID688888508,63 Dent St,4,h,1800000.0,25/02/2017,2.0,4.0,749.0,69.0,-37.8669,145.077
ID406277307,106/216 Rouse St,3,u,1200000.0,3/12/2016,2.0,2.0,0.0,7.0,-37.841,144.9379
ID665763956,15 Winton Rd,4,t,1510000.0,20/05/2017,3.0,2.0,274.0,11.0,-37.87300000000001,145.0664
ID215437533,5 Flourish Wy,4,h,463000.0,22/07/2017,2.0,2.0,358.0,7.0,-37.91807,144.63816
ID333111660,11 Findon St,2,h,1036000.0,3/12/2016,1.0,1.0,310.0,109.0,-37.8717,145.0399
ID213952447,95 Station St,2,h,1150000.0,18/03/2017,1.0,0.0,82.0,109.0,-37.8361,144.9403
ID532737846,33A Scott Gr,3,h,1710000.0,18/03/2017,1.0,3.0,557.0,19.0,-37.8556,145.0499
ID696586541,34a Rose St,2,h,1125000.0,17/09/2016,1.0,2.0,169.0,84.0,-37.851,145.0161
ID191165137,70 Bruce St,3,h,800000.0,17/09/2016,3.0,2.0,421.0,89.0,-37.7414,144.9932
ID771809003,999A Riversdale Rd,3,h,1205000.0,28/01/2016,1.0,2.0,490.0,99.0,-37.8361,145.1006
ID300650821,4 Lord St,3,h,585000.0,6/08/2016,1.0,1.0,605.0,59.0,-37.6985,144.9615
ID318379705,6/10 Vautier St,2,u,612000.0,24/09/2016,1.0,1.0,0.0,59.0,-37.8861,144.9863
ID986285364,23 Melville St,2,h,1155000.0,4/06/2016,1.0,2.0,235.0,89.0,-37.8153,145.0231
ID672684637,24/101 Leveson St,2,u,585000.0,4/06/2016,1.0,1.0,0.0,59.0,-37.802,144.951
ID679198527,5/19 Livingstone St,2,u,690000.0,15/10/2016,1.0,1.0,103.0,49.0,-37.7671,145.0408
ID488007453,10/20 Cromwell Rd,1,u,410000.0,12/08/2017,1.0,1.0,0.0,59.0,-37.8446,145.00018
ID456523371,478 Fullarton Rd,3,h,810000.0,18/03/2017,3.0,2.0,555.0,39.0,-37.7285,144.8694
ID834318666,21 Park Rd,5,h,2100000.0,27/11/2016,3.0,2.0,696.0,30.0,-37.8478,145.0566
ID887089978,23 Surrey St,2,h,545000.0,14/05/2016,1.0,3.0,591.0,59.0,-37.7128,144.9471
ID892254134,101/55 Cumberland Dr,2,u,635000.0,3/12/2016,2.0,1.0,0.0,4.0,-37.7865,144.9008
ID253755197,11/8 Bealiba Rd,2,u,650000.0,8/10/2016,1.0,1.0,100.0,89.0,-37.8912,145.0289
ID823484699,26 Almurta Rd,3,h,1200000.0,17/09/2016,1.0,1.0,721.0,49.0,-37.9244,145.0665
ID815615076,1/2 Gwynne St,2,u,670000.0,27/05/2017,1.0,1.0,296.0,26.0,-37.87128,145.13051000000004
ID794212122,6 Farm Rd,4,h,650000.0,18/06/2016,2.0,2.0,312.0,5.0,-37.7362,144.9714
ID826957688,1a Ardmillan Rd,3,h,1250000.0,23/04/2016,2.0,1.0,283.0,17.0,-37.7638,144.9175
ID653951504,46 Jacana St,4,h,650000.0,15/07/2017,1.0,2.0,660.0,49.0,-37.97918,145.18825
ID120185586,74 Arthur St,3,h,796000.0,24/06/2017,2.0,2.0,534.0,69.0,-37.69852,145.04836
ID688974838,24 Dalveen Rd,2,h,1020000.0,10/09/2016,1.0,1.0,557.0,64.0,-37.7568,145.0355
ID550155972,46 Davey St,3,h,940000.0,17/06/2017,2.0,2.0,454.0,69.0,-37.99443,145.0885
ID772026499,1/23 Wickham Rd,3,h,926000.0,18/06/2016,2.0,2.0,393.0,69.0,-37.9431,145.0267
ID909003862,14 Beths St,4,h,2700000.0,17/06/2017,4.0,2.0,673.0,84.0,-37.91888,145.04775
ID531413760,13 Lorne St,4,h,800000.0,23/09/2017,3.0,2.0,308.0,4.0,-37.7166,144.97665
ID614243919,42 Mansfield St,4,h,1478000.0,25/02/2017,2.0,0.0,387.0,119.0,-37.7569,145.0041
ID677808432,7 Newton St,5,h,2100000.0,16/07/2016,2.0,2.0,1025.0,104.0,-37.8286,145.1094
ID463092571,3 Capella St,2,h,1389000.0,22/05/2016,1.0,4.0,701.0,79.0,-37.7867,145.0718
ID706568464,6/17 Geddes St,2,u,570000.0,22/05/2016,1.0,1.0,0.0,119.0,-37.7779,144.9137
ID445756673,2 French St,3,t,820000.0,18/03/2017,2.0,1.0,122.0,39.0,-37.8021,144.8976
ID228434327,271 Edward St,2,h,1105000.0,3/06/2017,1.0,2.0,173.0,129.0,-37.775240000000004,144.97529
ID754334144,13 Ramsay Av,3,h,2118000.0,19/08/2017,2.0,2.0,664.0,89.0,-37.79639,145.04595
ID123326046,4/25 Jackson St,2,u,400000.0,14/05/2016,1.0,1.0,0.0,49.0,-37.8619,144.976
ID963566287,1/12 Charles St,2,u,730000.0,27/05/2017,1.0,0.0,284.0,89.0,-37.86309,144.98301999999995
ID123019753,141 Pearson St,4,h,1205000.0,29/04/2017,2.0,2.0,518.0,39.0,-37.7606,144.9499
ID617783709,1A Aberfeldie St,3,h,1195000.0,9/09/2017,2.0,2.0,381.0,113.0,-37.75629,144.90626
ID150860671,2/32 Wilson Rd,3,u,1000000.0,22/07/2017,2.0,2.0,365.0,23.0,-37.88599,145.17031
ID414893883,15 Whyte St,3,h,2266000.0,4/03/2017,2.0,2.0,450.0,22.0,-37.9243,144.9989
ID872699738,8/33 Gordon St,1,u,305000.0,17/09/2016,1.0,1.0,59.0,54.0,-37.7903,144.8899
ID147121085,117 Fulton Rd,3,h,905000.0,26/08/2017,2.0,2.0,887.0,29.0,-37.8429,145.14895
ID939911706,91 Gowrie St,3,h,822000.0,13/05/2017,1.0,2.0,738.0,59.0,-37.6972,144.941
ID932996102,28 Gish Ct,4,h,815000.0,25/02/2017,2.0,2.0,672.0,69.0,-37.7083,144.9495
ID703129707,108/2 Gascoyne St,2,u,816000.0,1/07/2017,2.0,1.0,8140.0,4.0,-37.82091,145.06011
ID463825080,1/32 Yerrin St,3,t,1472000.0,16/07/2016,2.0,2.0,306.0,24.0,-37.8106,145.0848
ID445857998,4 Major St,4,h,1300000.0,24/06/2017,2.0,2.0,604.0,19.0,-37.947829999999996,145.03983
ID395697409,23A The Boulevard,5,h,1920000.0,27/11/2016,3.0,2.0,900.0,64.0,-37.7868,145.0677
ID969414545,3/42 Sapphire St,2,u,660000.0,4/06/2016,2.0,1.0,217.0,13.0,-37.7465,144.8868
ID326340437,12 Rosemary Ct,3,h,915000.0,25/02/2017,2.0,2.0,769.0,59.0,-37.7298,145.0947
ID418300095,1107/50 Albert Rd,1,u,320000.0,27/11/2016,1.0,0.0,0.0,142.0,-37.8341,144.9713
ID633376910,130 Rathdowne St,4,h,1616000.0,25/02/2017,1.0,0.0,152.0,129.0,-37.7966,144.9709
ID713244259,26 MacFarland St,3,h,1310000.0,12/08/2017,1.0,1.0,302.0,109.0,-37.76085,144.95834
ID500005755,11 Tarcoola Dr,4,h,700000.0,3/09/2016,1.0,1.0,530.0,129.0,-37.7251,145.1053
ID974744287,5/652 Barkly St,2,u,456000.0,28/05/2016,1.0,1.0,0.0,44.0,-37.7966,144.8716
ID406435220,14/270 Canterbury Rd,3,t,701000.0,3/06/2017,2.0,2.0,173.0,10.0,-37.8327,145.2348
ID855153792,24 Highbury Cl,3,h,700000.0,19/08/2017,2.0,3.0,660.0,129.0,-37.73881,144.73543
ID332078584,72 Clydesdale Rd,3,h,1250000.0,3/06/2017,1.0,1.0,773.0,59.0,-37.72265,144.8793
ID305544216,406/152 Sturt St,1,u,480000.0,14/05/2016,1.0,1.0,3878.0,7.0,-37.8255,144.9665
ID910299430,2 Ibis St,4,h,1200000.0,12/11/2016,1.0,2.0,657.0,59.0,-37.7856,145.1374
ID127972466,3 Phillips St,3,h,1030000.0,17/09/2016,1.0,1.0,404.0,81.0,-37.7504,144.9537
ID250620504,16 Kinsale St,3,h,665000.0,7/05/2016,1.0,4.0,503.0,19.0,-37.7226,144.9953
ID427574069,6A Duggan St,3,t,670000.0,6/05/2017,1.0,2.0,176.0,19.0,-37.7597,144.9404
ID611344400,2/8 Simpsons Rd,2,u,653000.0,23/09/2017,1.0,1.0,84.0,49.0,-37.8179,145.1341
ID118648749,501/318 Little Lonsdale St,1,u,432000.0,6/05/2017,1.0,1.0,0.0,18.0,-37.8116,144.9603
ID857603265,1/41 Morang Rd,1,u,450000.0,11/03/2017,1.0,1.0,0.0,49.0,-37.8237,145.0242
ID365575781,487 Hoddle St,3,h,1652500.0,13/05/2017,1.0,0.0,276.0,115.0,-37.7933,144.9938
ID363484671,5/698 Inkerman Rd,2,u,523000.0,7/11/2016,1.0,1.0,0.0,59.0,-37.8694,145.0246
ID617816280,77 Karingal Dr,4,h,1030000.0,26/08/2017,3.0,3.0,1061.0,59.0,-37.705909999999996,145.13005
ID494003163,34 Aminya Cr,4,h,743500.0,8/07/2017,2.0,4.0,600.0,11.0,-37.72788,145.10456000000005
ID254204741,4 Range St,3,h,2000000.0,12/06/2016,1.0,2.0,821.0,94.0,-37.8459,145.0644
ID767693885,2/5 Denham St,2,u,762000.0,17/06/2017,1.0,1.0,1583.0,49.0,-37.81857,145.01703999999995
ID120416332,56 Eva St,4,h,1250000.0,12/08/2017,1.0,1.0,711.0,59.0,-37.9255,145.11331
ID295573636,1/38 Lynch St,1,u,357000.0,6/08/2016,1.0,0.0,0.0,39.0,-37.7964,144.9027
ID786338746,164 Gower St,4,h,900000.0,3/09/2016,2.0,1.0,530.0,79.0,-37.7416,145.016
ID183477734,6/5 Liardet St,2,u,816000.0,24/06/2017,1.0,1.0,0.0,19.0,-37.84237,144.94486
ID985269557,1/1 Clarendon St,3,t,675000.0,22/04/2017,2.0,2.0,159.0,3.0,-37.785,144.8673
ID363515399,84 MacPherson St,3,h,1320000.0,19/08/2017,2.0,0.0,495.0,104.0,-37.796,144.88966000000005
ID474273346,7/2 Cromwell Rd,2,u,910000.0,15/07/2017,2.0,2.0,0.0,14.0,-37.847120000000004,144.99967
ID321295462,9/162 Clarke St,2,u,601000.0,10/09/2016,1.0,1.0,0.0,109.0,-37.7765,144.996
ID255339348,4 The Glade,3,h,960000.0,3/09/2016,2.0,2.0,656.0,29.0,-37.7322,145.0995
ID147429658,1/58 Darebin St,3,t,808000.0,22/05/2016,2.0,2.0,255.0,79.0,-37.7537,145.0637
ID493809230,191 Centre Rd,4,h,1479000.0,27/05/2017,2.0,2.0,603.0,99.0,-37.91655,145.02448
ID530879501,4 Myrtle Gr,3,h,905000.0,24/06/2017,1.0,2.0,573.0,54.0,-37.729079999999996,144.88326999999995
ID314280915,5 Shrimpton Ct,2,h,1010000.0,30/07/2016,0.0,0.0,1611.0,84.0,-37.8092,145.1016
ID609999153,16a Billson St,2,h,980000.0,4/06/2016,1.0,1.0,247.0,79.0,-37.917,145.0137
ID812605276,12 Wills St,5,h,2450000.0,28/05/2016,2.0,2.0,981.0,59.0,-37.8058,145.0627
ID797245623,2/20 Victoria St,3,u,890000.0,3/12/2016,1.0,3.0,0.0,39.0,-37.8663,144.8883
ID845354846,104 Gatehouse Pl,2,u,420000.0,7/05/2016,1.0,2.0,5661.0,79.0,-37.773,144.8806
ID910723692,7 Atkinson St,4,h,2600000.0,12/08/2017,2.0,3.0,1330.0,10.0,-37.75343,145.11958
ID220659841,51 Bay St,4,h,2800000.0,15/07/2017,3.0,2.0,498.0,119.0,-37.90396,144.99126
ID271641912,107/88 Altona St,1,u,360000.0,10/12/2016,1.0,1.0,4267.0,129.0,-37.7966,144.9254
ID252637168,102/11 Hillingdon Pl,2,u,698000.0,27/05/2017,1.0,1.0,0.0,119.0,-37.85163,144.9943
ID574234988,4a Cohen St,3,h,583000.0,10/09/2016,1.0,1.0,412.0,16.0,-37.7459,144.8643
ID376281498,65 Alma Tce,2,h,890000.0,25/02/2017,1.0,0.0,168.0,119.0,-37.8475,144.8897
ID113791228,139 Linacre Rd,5,h,2520000.0,6/08/2016,4.0,2.0,661.0,59.0,-37.9438,145.0184
ID884005204,33 Kennedy St,3,h,1158000.0,6/05/2017,1.0,1.0,1011.0,49.0,-37.7115,144.912
ID175226514,56 Brewer Rd,4,h,1600000.0,3/06/2017,2.0,2.0,604.0,59.0,-37.92135,145.02917
ID453322348,11 Mais St,4,h,905000.0,8/04/2017,2.0,2.0,696.0,54.0,-37.7074,145.0276
ID693682080,347 Williamstown Rd,3,h,781500.0,18/06/2016,1.0,2.0,341.0,69.0,-37.8224,144.8818
ID879680407,22 Cootamundra Cr,3,h,1350000.0,15/07/2017,2.0,1.0,601.0,39.0,-37.81224,145.15594
ID455992266,38 Daisy St,3,h,1040000.0,12/08/2017,1.0,1.0,756.0,58.0,-37.82909,145.233
ID511149961,10 Coote St,3,t,1185000.0,23/04/2016,2.0,1.0,111.0,15.0,-37.8341,144.9541
ID791181832,13 Grampian St,4,h,910000.0,27/11/2016,1.0,3.0,577.0,69.0,-37.7344,144.9865
ID138221751,11 Garnet St,3,h,1440000.0,29/04/2017,1.0,1.0,408.0,59.0,-37.7587,144.9529
ID250620504,16 Kinsale St,3,h,665000.0,7/05/2016,1.0,4.0,503.0,19.0,-37.7226,144.9953
ID942081151,4 Hawksburn Rd,4,h,2920000.0,27/05/2017,2.0,2.0,564.0,99.0,-37.84405,145.0016
ID154123086,52a Leinster Gr,3,t,910500.0,16/04/2016,2.0,2.0,157.0,9.0,-37.759,144.988
ID910043859,55 Tranmere Av,3,h,1840000.0,15/07/2017,2.0,1.0,483.0,99.0,-37.89204,145.06086000000005
ID873988628,68 Bowen St,3,h,3400000.0,25/02/2017,2.0,4.0,877.0,59.0,-37.8437,145.0623
ID351728472,4/56 John St,1,u,325000.0,13/08/2016,1.0,1.0,0.0,49.0,-37.7873,144.9958
ID802465256,39 Kiewa St,3,h,1542000.0,8/04/2017,2.0,2.0,980.0,39.0,-37.7883,145.1387
ID774908491,405/1 Danks St W,1,u,470000.0,22/08/2016,1.0,1.0,0.0,19.0,-37.8436,144.944
ID716442498,110/44 Skyline Dr,2,u,570000.0,27/11/2016,2.0,1.0,3014.0,7.0,-37.7853,144.8944
ID342359446,1/577 High Street Rd,2,u,720000.0,3/06/2017,1.0,1.0,198.0,15.0,-37.87135,145.14334
ID839533765,30 Eastham St,2,h,875000.0,18/06/2016,1.0,0.0,106.0,11.0,-37.7823,144.9864
ID788391106,50 Andrew St,2,h,1500000.0,19/11/2016,1.0,2.0,0.0,91.0,-37.8518,144.9868
ID146338382,4 Blanche Ct,3,h,690000.0,3/06/2017,1.0,2.0,479.0,39.0,-37.73251,144.98178000000001
ID265718836,5/19 Elm St,2,u,740000.0,3/06/2017,1.0,2.0,193.0,49.0,-37.83275,145.1055
ID901732046,424 Whitehorse Rd,3,h,1775000.0,12/08/2017,2.0,2.0,780.0,3.0,-37.814029999999995,145.08968000000004
ID899020243,290 Oriel Rd,3,h,652000.0,11/02/2017,1.0,0.0,589.0,49.0,-37.7356,145.0448
ID253283965,1/118 Rathcown Rd,2,u,502000.0,15/07/2017,1.0,2.0,230.0,4.0,-37.709,145.02014
ID789825608,467 Bay St,2,h,1000000.0,4/06/2016,2.0,0.0,96.0,129.0,-37.8327,144.9474
ID732420721,702/700 Chapel St,1,u,510000.0,27/06/2016,1.0,1.0,0.0,19.0,-37.8361,144.9966
ID771809003,999A Riversdale Rd,3,h,1205000.0,28/01/2016,1.0,2.0,490.0,99.0,-37.8361,145.1006
ID969952194,26 Millewa Av,3,h,1638000.0,22/07/2017,1.0,1.0,697.0,29.0,-37.88354,145.07536000000005
ID869910448,114 Reynard St,3,h,1064000.0,8/10/2016,2.0,1.0,417.0,79.0,-37.7478,144.9583
ID124250871,198 Gipps St,2,h,1242000.0,29/04/2017,1.0,1.0,249.0,79.0,-37.8052,144.9963
ID737658065,201/115 Tennyson St,2,u,932000.0,25/02/2017,2.0,1.0,799.0,7.0,-37.8818,144.9918
ID567201828,8 Ila St,3,h,901000.0,20/05/2017,1.0,2.0,702.0,69.0,-37.709,144.9368
ID961568735,1 Swallow La,3,u,605000.0,3/06/2017,1.0,2.0,4096.0,131.0,-37.8021,144.9075
ID858344413,201 Gooch St,3,h,1271000.0,26/08/2017,1.0,2.0,470.0,69.0,-37.759370000000004,145.01533999999995
ID869051164,1/12 Hatfield Ct,4,u,530000.0,10/09/2016,2.0,1.0,0.0,49.0,-37.809,144.8686
ID495656111,1/49 Hamilton St,2,u,591000.0,30/07/2016,1.0,1.0,269.0,69.0,-37.74,144.8851
ID314314778,1/41 Narong Rd,2,u,665000.0,3/06/2017,1.0,1.0,0.0,49.0,-37.86827,145.02113
ID606468794,25 Tucker St,3,h,890000.0,13/05/2017,1.0,3.0,334.0,89.0,-37.7916,144.8762
ID792713504,51 Clydebank Rd,3,h,925000.0,17/09/2016,2.0,2.0,544.0,69.0,-37.7576,144.889
ID551076267,2 Sanicki Ct,3,t,670000.0,27/11/2016,1.0,2.0,233.0,59.0,-37.9376,145.0784
ID472748014,29 Grantham St,4,h,988000.0,19/11/2016,1.0,1.0,384.0,49.0,-37.7733,144.9491
ID453052852,18 White St,2,h,957000.0,29/07/2017,1.0,0.0,148.0,59.0,-37.79462,144.89385
ID835865679,704/8 Howard St,3,u,760000.0,14/05/2016,2.0,1.0,0.0,14.0,-37.8331,144.9975
ID623198300,37 Charles St,3,h,1400000.0,3/06/2017,2.0,0.0,145.0,139.0,-37.84957,144.9889
ID376423373,36 Buckingham Dr,3,h,1030000.0,30/07/2016,3.0,2.0,649.0,2.0,-37.7501,145.0822
ID698781337,3/673 Geelong Rd,3,t,430000.0,10/09/2016,1.0,1.0,131.0,99.0,-37.8203,144.8386
ID595956904,20 Finlayson St,4,h,1408000.0,3/12/2016,2.0,0.0,725.0,49.0,-37.7891,145.1073
ID641977470,10/530 Toorak Rd,2,u,525000.0,28/05/2016,1.0,1.0,0.0,69.0,-37.8424,145.0184
ID505550887,19 Wahroongaa Rd,4,h,1670000.0,24/09/2016,2.0,1.0,690.0,6.0,-37.8885,145.0726
ID191254206,39 Winifred St,4,h,1350000.0,23/09/2017,2.0,2.0,264.0,23.0,-37.76898,144.9858
ID354619029,11 Avocet St,3,h,1482000.0,3/09/2017,1.0,3.0,713.0,49.0,-37.79507,145.15913999999995
ID493514120,215 Derby St,3,h,840000.0,29/07/2017,1.0,1.0,438.0,39.0,-37.71962,144.94756
ID615287972,7 Huxley Ct,4,h,1030000.0,24/06/2017,2.0,2.0,1094.0,49.0,-37.85757,145.2615
ID998885063,3/89 Rosanna Rd,4,u,610000.0,22/04/2017,3.0,2.0,152.0,39.0,-37.7505,145.0703
ID144086982,40 Carlton St,3,h,1662000.0,7/05/2016,1.0,0.0,118.0,25.0,-37.8009,144.9729
ID656431980,49 Gowrie St,4,h,1137500.0,4/06/2016,1.0,2.0,696.0,7.0,-37.9157,145.0802
ID732015670,13 Camelia St,5,h,520000.0,27/05/2017,2.0,3.0,545.0,47.0,-37.7323,144.77861000000001
ID669802158,243 Essex St,2,h,749000.0,24/06/2017,1.0,1.0,369.0,18.0,-37.79221,144.86408
ID369788315,3 Alpha St,4,h,2170000.0,16/04/2016,2.0,2.0,1040.0,89.0,-37.7992,145.0907
ID514225976,1/18 Duffy St,2,u,376000.0,16/04/2016,1.0,1.0,104.0,49.0,-37.7104,145.0076
ID719071072,3/36 Crookston Rd,3,u,510000.0,17/06/2017,1.0,1.0,178.0,10.0,-37.70985,145.02073000000001
ID447688263,17 Blackwood Ct,4,h,750000.0,22/07/2017,2.0,2.0,447.0,28.0,-37.756370000000004,144.77983
ID194042429,2/11 Dowling St,3,u,422500.0,30/07/2016,2.0,1.0,195.0,19.0,-37.7062,144.9688
ID941880429,362 Burwood Hwy,2,h,1815000.0,20/05/2017,1.0,1.0,698.0,59.0,-37.8518,145.1278
ID920689883,5/1 Parer St,2,h,600000.0,12/06/2016,1.0,1.0,211.0,44.0,-37.9086,145.0977
ID689820940,48 Were St,3,u,1250000.0,22/08/2016,2.0,0.0,0.0,109.0,-37.9249,144.9928
ID982240424,7 Weigall St,3,h,1500000.0,22/04/2017,1.0,3.0,446.0,79.0,-37.7682,144.9835
ID527439776,12 Loeman St,3,t,925000.0,8/04/2017,3.0,1.0,555.0,5.0,-37.7345,144.9228
ID114462255,36 Southampton St,2,h,910000.0,17/06/2017,1.0,0.0,312.0,131.0,-37.79592,144.88595
ID306362991,129 Deakin St,3,t,1002000.0,29/07/2017,2.0,2.0,292.0,19.0,-37.74093,144.89279
ID993246363,16 Bamfield Rd,2,t,565000.0,6/08/2016,2.0,1.0,201.0,12.0,-37.7426,145.0556
ID723641633,34 Martin St,4,h,1031000.0,22/05/2016,1.0,1.0,570.0,79.0,-37.7523,145.0604
ID832121266,37/2 Gordon St,2,u,500000.0,22/08/2016,1.0,1.0,0.0,13.0,-37.8822,144.9994
ID372506344,28 Powell St,3,h,412500.0,26/08/2017,2.0,1.0,197.0,7.0,-37.57687,144.911
ID138969327,135 Hilton St,3,h,600000.0,24/09/2016,1.0,2.0,599.0,59.0,-37.7009,144.9291
ID147121085,117 Fulton Rd,3,h,905000.0,26/08/2017,2.0,2.0,887.0,29.0,-37.8429,145.14895
ID458164643,114 Hotham Rd,3,h,1065000.0,18/03/2017,1.0,2.0,653.0,43.0,-37.734,144.8785
ID738577922,12/1 Ruabon Rd,2,u,490000.0,15/10/2016,1.0,1.0,0.0,49.0,-37.8474,145.0078
ID669124663,21 Wood St,4,h,910000.0,23/09/2017,2.0,2.0,520.0,39.0,-37.75436,145.11938999999995
ID950104691,27 Kurrajong Cr,3,h,710000.0,22/07/2017,1.0,2.0,600.0,45.0,-37.69872,145.08743
ID988209301,27 Clifton Gr,3,h,1020000.0,20/05/2017,2.0,0.0,341.0,99.0,-37.7377,144.9584
ID819950312,705/60 Edgewater Bvd,2,u,566000.0,18/06/2016,2.0,1.0,3014.0,7.0,-37.7853,144.8944
ID210136096,21 Pacific Dr,3,h,710000.0,10/12/2016,1.0,1.0,594.0,49.0,-37.7385,145.0409
ID569907891,504/79 River St,2,u,827000.0,26/07/2016,2.0,2.0,17200.0,19.0,-37.8361,144.9966
ID624493600,9 Winifred St,3,h,1124000.0,27/06/2016,1.0,1.0,685.0,54.0,-37.8952,145.1021
ID838174335,1/19 Dermot St,2,h,752500.0,18/06/2016,1.0,1.0,308.0,69.0,-37.9191,145.0855
ID675323671,36 Westgate St,3,h,1205000.0,13/05/2017,2.0,1.0,570.0,64.0,-37.9066,145.0869
ID540908329,402/77 Village Wy,2,u,410000.0,22/07/2017,1.0,2.0,0.0,19.0,-37.77117,144.88041
ID493046078,2/19 Glanfield St,2,h,695000.0,8/04/2017,1.0,1.0,120.0,44.0,-37.7715,145.0075
ID968049982,75 Woods St,4,h,1620000.0,14/05/2016,3.0,1.0,425.0,4.0,-37.8456,144.8741
ID112251297,366 Williamstown Rd,4,h,2105000.0,3/12/2016,2.0,3.0,611.0,79.0,-37.8349,144.9266
ID679342664,38 Northam Rd,3,h,1338000.0,7/05/2016,2.0,2.0,610.0,49.0,-37.9231,145.066
ID903751054,3/53 Whitehall St,2,u,420000.0,12/06/2016,1.0,1.0,0.0,9.0,-37.8042,144.9049
ID257241414,81 Kubis Dr,4,h,1005000.0,29/07/2017,2.0,2.0,785.0,69.0,-37.79465,145.2244
ID198098797,73 Talintyre Rd,3,h,496000.0,3/09/2016,1.0,2.0,780.0,20.0,-37.8004,144.8105
ID415888533,58 Wolverhampton St,4,h,977000.0,3/12/2016,2.0,1.0,154.0,12.0,-37.7983,144.8911
ID938621773,20 Mills St,3,h,635800.0,16/04/2016,1.0,1.0,602.0,44.0,-37.7696,144.84
ID794237683,1/58 Cawkwell St,2,u,584000.0,28/08/2016,1.0,1.0,0.0,48.0,-37.854,145.041
ID482699391,4 webster St,4,h,1455000.0,19/11/2016,2.0,3.0,571.0,99.0,-37.809,144.8865
ID945851865,6/41 Zetland Rd,2,u,540000.0,15/10/2016,1.0,1.0,0.0,59.0,-37.8172,145.1114
ID956450926,6/13 Fyfe St,2,t,416000.0,10/09/2016,1.0,1.0,159.0,19.0,-37.7059,145.0115
ID932920741,41 Bradford St,3,h,845000.0,12/11/2016,2.0,2.0,295.0,21.0,-37.9239,145.0781
ID781745895,30 Johnson St,4,h,1515000.0,29/07/2017,1.0,2.0,318.0,99.0,-37.7631,144.99884
ID703129707,108/2 Gascoyne St,2,u,816000.0,1/07/2017,2.0,1.0,8140.0,4.0,-37.82091,145.06011
ID751607713,4/4 Raynes St,2,t,700000.0,13/08/2016,1.0,1.0,104.0,59.0,-37.8061,145.0878
ID325147667,3/2 Scotts St,2,t,851000.0,3/12/2016,1.0,1.0,140.0,49.0,-37.9204,145.0443
ID550792237,10 Apsley Ct,4,h,625000.0,24/06/2017,2.0,2.0,628.0,39.0,-37.67647,145.06452
ID558853409,29 Newcastle St,2,h,890000.0,4/02/2016,1.0,0.0,166.0,99.0,-37.8209,144.8913
ID725460570,20 Barton St,3,h,876000.0,19/08/2017,1.0,2.0,653.0,69.0,-37.711420000000004,145.00377
ID342918148,22 Hickford St,2,h,1283000.0,13/05/2017,1.0,1.0,263.0,109.0,-37.7661,144.9742
ID295335906,13 Clements Gr,2,h,635000.0,15/10/2016,2.0,2.0,654.0,49.0,-37.7134,145.0235
ID257917503,4/22 Grandview Gr,3,h,720000.0,12/08/2017,2.0,2.0,255.0,64.0,-37.84633,145.26266999999999
ID449745275,42 Kars St,3,h,640000.0,1/07/2017,2.0,1.0,368.0,49.0,-38.1523,145.11874
ID725695200,23 Franklin St,4,h,1070000.0,18/03/2017,2.0,1.0,603.0,64.0,-37.9381,145.0534
ID300038786,31 Elder Pde,3,h,1500000.0,28/05/2016,2.0,3.0,440.0,89.0,-37.7524,144.9074
ID925390861,5/28 Eleanor St,2,t,480000.0,6/08/2016,1.0,1.0,556.0,9.0,-37.7919,144.8854
ID535627933,84 Chestnut St,2,h,831000.0,22/05/2016,1.0,0.0,128.0,4.0,-37.8291,144.9952
ID820730206,20 Greig St,3,h,881000.0,18/06/2016,1.0,2.0,217.0,129.0,-37.8075,144.8909
ID394243022,87 Aquarius Dr,3,h,565000.0,8/07/2017,1.0,2.0,713.0,39.0,-38.16483,145.16383000000005
ID532567792,4/31 Clyde St,3,h,655800.0,6/08/2016,2.0,1.0,178.0,10.0,-37.8416,144.8651
ID302370407,15 Anthony Dr,3,h,1028800.0,26/08/2017,2.0,1.0,470.0,59.0,-37.88751,145.13545
ID347104586,2/105 Raleigh Rd,2,t,479000.0,14/05/2016,2.0,1.0,0.0,64.0,-37.7691,144.8905
ID910676659,8/220 Elgin St,2,u,705000.0,12/11/2016,1.0,1.0,0.0,19.0,-37.7969,144.9669
ID689999999,40 Albion St,4,h,1210000.0,27/05/2017,2.0,2.0,425.0,99.0,-37.76262,144.97733
ID986841121,8 Marlborough St,3,h,1320000.0,28/08/2016,1.0,1.0,593.0,69.0,-37.9178,145.067
ID424992639,1 Ashdown Ct,3,h,671000.0,26/08/2017,1.0,2.0,418.0,89.0,-37.66349,145.03391000000005
ID851465180,4/93 Harding St,3,t,590000.0,17/09/2016,2.0,2.0,0.0,6.0,-37.7458,144.9751
ID935678372,48 Murray St,3,h,1130000.0,25/02/2017,1.0,3.0,206.0,74.0,-37.7382,144.9563
ID929886642,40 Nelson St,3,h,1150000.0,3/12/2016,2.0,1.0,0.0,29.0,-37.8359,144.9342
ID760559510,29 Gillespie Rd,3,h,626000.0,19/08/2017,1.0,2.0,557.0,34.0,-37.734970000000004,144.7864
ID180707018,251 Gaffney St,4,h,820000.0,25/02/2017,1.0,1.0,420.0,12.0,-37.7326,144.9475
ID582142005,5 Pickford St,2,h,1582000.0,25/02/2017,1.0,0.0,214.0,104.0,-37.8572,145.0066
ID126220141,419 Barkers Rd,3,h,2770000.0,13/08/2016,3.0,4.0,1197.0,92.0,-37.8168,145.056
ID229918522,3 Stenson Rd,3,h,515000.0,10/12/2016,1.0,4.0,597.0,44.0,-37.7392,144.8241
ID487856880,134 Atherton Rd,4,h,1641000.0,19/11/2016,1.0,2.0,802.0,44.0,-37.9002,145.099
ID646936321,36 Tanner Gr,3,h,926000.0,14/05/2016,1.0,2.0,380.0,109.0,-37.7709,145.0105
ID518827021,42 Grant St,3,h,1500000.0,8/04/2017,1.0,1.0,230.0,119.0,-37.788000000000004,144.9967
ID336394945,4/59 Wilson St,2,u,850000.0,3/06/2017,1.0,2.0,0.0,49.0,-37.96021,145.05938
ID502221846,4/388 Bluff Rd,4,t,1050000.0,23/09/2017,2.0,1.0,173.0,9.0,-37.94723,145.02268
ID397158545,157 Swanston St,4,h,990000.0,6/08/2016,2.0,2.0,652.0,46.0,-37.7573,145.0994
ID534050412,26 Scotia St,2,h,760000.0,3/06/2017,1.0,0.0,251.0,39.0,-37.76856,144.90577
ID891692026,82 Murray Rd,3,h,721000.0,3/12/2016,1.0,1.0,581.0,79.0,-37.7399,145.0228
ID794677984,38 Caroline St,3,h,1538000.0,18/06/2016,1.0,2.0,287.0,49.0,-37.8292,145.046
ID561836525,12 Nutwood St,5,h,762500.0,28/05/2016,2.0,2.0,548.0,29.0,-37.7099,145.0333
ID239192128,110 Ingles St,2,h,790000.0,24/09/2016,1.0,1.0,108.0,59.0,-37.8329,144.9463
ID138200181,119 North Rd,4,h,3050000.0,25/02/2017,4.0,2.0,578.0,24.0,-37.8989,145.0008
ID311308862,1/22 Joffre Rd,3,u,736000.0,27/05/2017,1.0,0.0,278.0,69.0,-37.71798,144.93965
ID284784640,96 Hambleton St,3,h,2956000.0,4/03/2017,2.0,0.0,300.0,119.0,-37.8477,144.9607
ID975147906,2 Margaret St,4,h,1300000.0,17/09/2016,3.0,2.0,743.0,46.0,-37.9362,145.0442
ID754065508,19 Gordon Gr,3,h,2000000.0,13/05/2017,1.0,2.0,360.0,9.0,-37.8636,145.0301
ID234828412,3 Sang Ct,3,h,910000.0,22/07/2017,2.0,2.0,651.0,42.0,-37.79638,145.24268
ID479859652,16 Opal St,2,h,600000.0,10/09/2016,1.0,2.0,220.0,14.0,-37.7442,145.0168
ID276308328,6/4 Dudley St,2,u,1300000.0,11/02/2017,2.0,2.0,0.0,19.0,-37.9012,144.9878
ID371019104,108 Ogilvie St,3,h,980000.0,15/10/2016,1.0,3.0,503.0,9.0,-37.7463,144.8934
ID978258764,48 Charles St,2,h,1343000.0,6/05/2017,1.0,1.0,263.0,7.0,-37.777,144.99200000000005
ID179701973,40 Astelot Dr,3,h,902000.0,24/06/2017,1.0,2.0,649.0,44.0,-37.80274,145.17952
ID910813286,119 Hannan St,4,h,2200000.0,12/08/2017,3.0,2.0,650.0,49.0,-37.85925,144.88761
ID269685865,40 Ridley St,5,h,905000.0,3/09/2017,2.0,3.0,732.0,94.0,-37.78345,144.82295
ID239577967,4 Ashworth St,3,h,1700000.0,6/05/2017,1.0,1.0,178.0,109.0,-37.8473,144.9495
ID409071836,21 Governors Rd,5,h,1335000.0,10/12/2016,3.0,2.0,390.0,59.0,-37.7376,144.9726
ID989238661,133 David Dr,3,t,521000.0,29/04/2017,3.0,2.0,134.0,11.0,-37.79,144.7886
ID170084193,29/9 Tennyson St,2,u,582000.0,3/09/2016,1.0,1.0,0.0,18.0,-37.824,144.9918
ID968379447,5/40 Woorayl St,2,u,430000.0,15/07/2017,1.0,1.0,2048.0,59.0,-37.88642,145.05979
ID704462860,32 Sweetland Rd,3,h,910000.0,13/05/2017,1.0,2.0,414.0,5.0,-37.8247,145.1359
ID377106243,4 Teck St,2,h,1110000.0,24/09/2016,1.0,1.0,586.0,69.0,-37.8683,145.1082
ID507135060,41 Sussex St,3,h,770000.0,3/12/2016,1.0,1.0,138.0,129.0,-37.82,144.891
ID579617471,1/1110 Glen Huntly Rd,2,u,450000.0,29/07/2017,1.0,1.0,0.0,9.0,-37.88937,145.04038
ID153979786,9 South Rd,3,h,961000.0,1/07/2017,1.0,2.0,717.0,69.0,-37.72274,144.88002
ID381730067,3/8 Rayner St,2,t,597500.0,22/04/2017,1.0,2.0,178.0,10.0,-37.8701,144.8209
ID153122957,5 Kiewa St,4,h,1450000.0,22/07/2017,2.0,1.0,803.0,54.0,-37.86162,145.11042
ID680452687,157 Albion St,2,h,770000.0,15/10/2016,1.0,0.0,152.0,109.0,-37.7611,144.966
ID887280717,9/400 Barkly St,1,u,392500.0,3/12/2016,1.0,0.0,0.0,89.0,-37.882,144.9785
ID306825786,2/31 Leslie Rd,2,u,485000.0,17/06/2017,1.0,1.0,1856.0,12.0,-37.76,144.91439
ID965044649,18 Claude St,2,h,1035000.0,4/03/2017,1.0,0.0,140.0,99.0,-37.7709,144.9964
ID264860700,15 Dover St,2,h,1065000.0,4/03/2017,1.0,1.0,273.0,89.0,-37.895,145.02200000000005
ID749632449,17 Yarra St,3,h,1470000.0,8/10/2016,2.0,1.0,364.0,49.0,-37.8513,144.8961
ID583384585,24 Fossickers Wy,3,h,826000.0,15/07/2017,2.0,0.0,830.0,44.0,-37.75079,145.20617
ID923276375,25 Carlyle St,3,h,676500.0,8/10/2016,2.0,1.0,250.0,59.0,-37.7905,144.8762
ID850041530,201/65 Stawell St,2,u,800000.0,15/07/2017,2.0,2.0,0.0,11.0,-37.82201,145.0104
ID643966350,25 Clydesdale Rd,3,h,985000.0,29/04/2017,1.0,1.0,841.0,11.0,-37.7251,144.8785
ID265080609,1 Bardia St,3,h,726500.0,1/07/2017,1.0,0.0,593.0,69.0,-37.7482,145.04073
ID387056581,350 Princes St,3,h,2100000.0,27/11/2016,2.0,1.0,170.0,29.0,-37.835,144.94299999999996
ID911849976,9/457 St Kilda St,2,u,695000.0,8/04/2017,1.0,1.0,845.0,49.0,-37.8888,144.991
ID656055416,5/57 Blyth St,3,u,730000.0,28/05/2016,2.0,1.0,70.0,5.0,-37.868,144.8285
ID625729226,15a Dickens St,3,u,1096000.0,28/08/2016,2.0,2.0,292.0,79.0,-37.9273,145.0324
ID796494653,3 Norma Ct,5,h,895000.0,14/05/2016,3.0,2.0,648.0,44.0,-37.7346,145.093
ID548090421,46 Chambers Rd,5,h,1500000.0,8/07/2017,3.0,2.0,1068.0,19.0,-37.83794,144.84231
ID493653720,50 McCormack St,2,h,1260000.0,16/09/2017,1.0,2.0,112.0,19.0,-37.8379,144.94651000000005
ID248479735,83 Royal Pde,3,h,655000.0,14/05/2016,1.0,1.0,644.0,9.0,-37.713,145.0137
ID867220702,119 Roseneath St,2,h,1075000.0,8/10/2016,1.0,1.0,174.0,129.0,-37.7928,144.9987
ID526172749,26 Willis St,3,h,1720000.0,28/05/2016,2.0,1.0,272.0,119.0,-37.8553,145.007
ID388510091,21/9 Fabian Ct,2,u,530000.0,27/05/2017,1.0,1.0,81.0,39.0,-37.77323,144.89268
ID860568650,6A Thistle St,4,h,1600000.0,20/05/2017,1.0,2.0,600.0,133.0,-37.8327,145.0976
ID333110806,69 Albion Rd,3,h,1670000.0,3/12/2016,2.0,2.0,599.0,89.0,-37.8673,145.0688
ID178787898,4/38 Alma St,2,u,650000.0,27/05/2017,2.0,2.0,248.0,24.0,-37.72473,145.11657
ID326340437,12 Rosemary Ct,3,h,915000.0,25/02/2017,2.0,2.0,769.0,59.0,-37.7298,145.0947
ID415730189,110 Bell St,3,h,710000.0,29/04/2017,1.0,1.0,160.0,119.0,-37.7411,144.9657
ID256842408,2/12 William St,2,u,695000.0,1/07/2017,2.0,1.0,208.0,19.0,-37.70267,145.09526
ID833065812,108 Willsmere Rd,3,h,1775000.0,19/08/2017,2.0,4.0,733.0,114.0,-37.79398,145.03777
ID824656198,2/64 Normanby Rd,2,u,820000.0,13/05/2017,1.0,1.0,826.0,59.0,-37.805,145.0546
ID762269555,504 Orrong Rd,4,h,3200000.0,17/06/2017,4.0,2.0,847.0,84.0,-37.85938,145.01086999999995
ID474614895,17 Fern St,3,h,480000.0,16/04/2016,1.0,2.0,696.0,59.0,-37.7836,144.7988
ID548169626,18 Dakota Dr,3,h,605000.0,8/07/2017,1.0,2.0,533.0,44.0,-37.685790000000004,144.98878
ID541111237,53 Romano Av,5,h,598000.0,8/07/2017,3.0,1.0,531.0,29.0,-37.65116,145.05438999999996
ID403053417,5 Millah Rd,4,h,3270000.0,12/11/2016,2.0,4.0,935.0,92.0,-37.8157,145.0795
ID353041505,4/35 Weir St,2,u,650000.0,24/09/2016,1.0,1.0,0.0,59.0,-37.8147,145.084
ID251512024,170 Ayr St,4,h,1250000.0,14/05/2016,2.0,3.0,767.0,56.0,-37.7735,145.1044
ID220118370,26 Hopetoun St,2,h,1155000.0,19/11/2016,1.0,1.0,197.0,129.0,-37.7918,144.9264
ID232755293,14 Oakbank Gr,3,h,940000.0,12/08/2017,1.0,2.0,587.0,5.0,-37.731120000000004,144.94418000000005
ID869183590,3/9 Cormac St,2,t,660000.0,18/03/2017,1.0,1.0,113.0,6.0,-37.7479,145.0153
ID520414590,302/366 Church St,2,u,712000.0,26/07/2016,1.0,1.0,0.0,7.0,-37.823,144.9982
ID458612440,52 Powell St,4,h,1200000.0,12/08/2017,2.0,2.0,499.0,79.0,-37.72614,144.99892
ID642357417,39A McArthur St,4,t,1200000.0,3/06/2017,2.0,2.0,293.0,7.0,-37.925940000000004,145.03184
ID909391243,7 Wellington St,2,h,867000.0,3/06/2017,1.0,1.0,208.0,89.0,-37.74373,144.95783
ID723038656,5/182 Albert Rd,1,u,480000.0,23/04/2016,1.0,1.0,0.0,15.0,-37.8369,144.968
ID259891418,10 Normanby St,4,h,1150000.0,15/10/2016,2.0,1.0,481.0,109.0,-37.7709,144.9151
ID460138110,14 Glenwood Dr,4,h,887500.0,29/07/2017,2.0,2.0,737.0,44.0,-37.684329999999996,145.11018
ID166275411,3/963 High St,2,u,406000.0,6/05/2017,1.0,1.0,0.0,8.0,-37.7093,145.0083
ID703510036,68 Miller St,2,h,967500.0,6/08/2016,1.0,2.0,299.0,89.0,-37.8973,145.053
ID889254183,56b Vernon St,2,t,611000.0,28/08/2016,1.0,1.0,228.0,19.0,-37.8317,144.8713
ID628571858,52 Richardson St,3,h,508000.0,15/07/2017,2.0,1.0,189.0,29.0,-37.68159,145.0371
ID577679678,1 Carcoola Ct,3,h,1470000.0,25/02/2017,2.0,2.0,0.0,39.0,-37.9071,145.0439
ID759864055,374 Montague St,3,h,2115000.0,8/04/2017,2.0,0.0,140.0,131.0,-37.8426,144.9563
ID636057686,315/6 Lord St,1,u,500000.0,7/11/2016,1.0,1.0,0.0,6.0,-37.8198,145.005
ID803902705,14 Rosemary Ct,4,h,730000.0,4/06/2016,1.0,1.0,865.0,59.0,-37.7297,145.0946
ID851236350,2/6 Southey St,2,u,575000.0,8/10/2016,1.0,0.0,483.0,69.0,-37.874,144.9835
ID943002250,76 Arnold St,3,h,1700000.0,27/11/2016,1.0,2.0,341.0,9.0,-37.7832,144.9655
ID898602771,6 Brigden Ct,3,h,663500.0,3/06/2017,2.0,1.0,991.0,104.0,-37.65887,145.06253999999996
ID750723934,68 Finlayson St,3,h,860000.0,16/07/2016,1.0,2.0,583.0,39.0,-37.7346,145.0715
ID315912574,48 Elder St,4,h,1695000.0,3/06/2017,3.0,4.0,696.0,69.0,-37.81726,145.16061000000005
ID710753900,4/46 Summerhill Rd,2,u,710000.0,13/05/2017,1.0,2.0,0.0,79.0,-37.8521,145.0763
ID618593393,17 Ardwick St,3,h,1532000.0,9/09/2017,1.0,2.0,628.0,69.0,-37.92716,145.03778
ID450190442,9 Finton Cl,4,h,1214000.0,23/09/2017,2.0,2.0,694.0,79.0,-37.8893,145.18747
ID439426827,140/73 River St,2,u,604000.0,22/05/2016,2.0,2.0,0.0,10.0,-37.8189,145.0131
ID249686236,72 William St,3,h,1865000.0,7/05/2016,2.0,2.0,295.0,19.0,-37.9119,145.0037
ID813347551,116 Charles St,3,h,1650000.0,10/12/2016,3.0,1.0,209.0,14.0,-37.8467,144.9897
ID961664392,8 Blackwood Pde,2,h,686000.0,8/10/2016,1.0,2.0,650.0,59.0,-37.7446,145.0404
ID401060183,158 Queen St,3,h,520000.0,3/09/2016,2.0,1.0,352.0,4.0,-37.87,144.825
ID409956482,6 Wynnstay Rd,3,h,1240000.0,4/03/2017,1.0,0.0,223.0,74.0,-37.8527,145.0088
ID743404778,57 View St,3,h,596000.0,12/11/2016,1.0,3.0,624.0,49.0,-37.6967,144.9313
ID349153286,255 Ross St,4,h,1820000.0,7/11/2016,2.0,1.0,212.0,119.0,-37.8331,144.9412
ID418968906,12/29 Upton Rd,2,u,518000.0,26/07/2016,1.0,1.0,0.0,49.0,-37.8533,144.9881
ID376449936,3 Sugarloaf Cl,3,h,680000.0,23/09/2017,1.0,1.0,189.0,12.0,-37.85777,145.14009
ID484930107,1/28 Carlisle St,2,u,610000.0,28/08/2016,1.0,1.0,126.0,49.0,-37.7523,145.0091
ID679157958,5A Edward St,2,t,515000.0,3/09/2017,1.0,2.0,177.0,6.0,-37.70982,144.96397
ID520414590,302/366 Church St,2,u,712000.0,26/07/2016,1.0,1.0,0.0,7.0,-37.823,144.9982
ID307977314,8/20 Yuille St,3,t,2100000.0,8/04/2017,2.0,4.0,0.0,49.0,-37.928000000000004,145.0002
ID185068869,45 Cityview Rd,4,h,1750000.0,6/08/2016,3.0,3.0,667.0,6.0,-37.7898,145.079
ID861026350,10 Leura St,5,h,1730000.0,9/09/2017,2.0,2.0,746.0,49.0,-37.78658,145.16086
ID337363743,15 David St,3,h,1930000.0,22/07/2017,2.0,2.0,720.0,69.0,-37.94229,145.01306
ID940622767,8/1277 Toorak Rd,2,u,530000.0,17/09/2016,1.0,1.0,0.0,59.0,-37.8491,145.086
ID150603078,201A Clauscen St,3,h,1286000.0,10/12/2016,1.0,0.0,275.0,104.0,-37.7779,144.9862
ID874068171,17 Reed St,3,h,1740000.0,28/08/2016,2.0,2.0,147.0,129.0,-37.8448,144.9453
ID164359398,9 Blair St,4,h,1802500.0,3/12/2016,3.0,1.0,238.0,109.0,-37.7713,144.9643
ID271065129,7/19 Waxman Pde,3,u,763000.0,17/06/2017,1.0,1.0,138.0,49.0,-37.75904,144.93388000000004
ID654628610,17/29 Bendall St,3,u,570000.0,11/03/2017,1.0,2.0,0.0,29.0,-37.7897,144.9239
ID367546064,288 Church St,3,h,1555000.0,25/02/2017,2.0,1.0,189.0,119.0,-37.82,144.9987
ID389402727,16 Katrina St,3,h,1020000.0,27/06/2016,1.0,2.0,725.0,9.0,-37.7945,145.1172
ID134990934,4 Box Ct,3,h,1640000.0,29/04/2017,1.0,2.0,733.0,49.0,-37.9219,145.0518
ID403425196,15 Randell Ct,4,h,865000.0,17/06/2017,2.0,2.0,612.0,6.0,-37.65478,145.05199
ID561926422,1/2 Dakara Cl,3,u,420000.0,22/07/2017,1.0,1.0,658.0,29.0,-37.64821,144.92526999999995
ID145573623,25 Valencia St,2,h,1300000.0,8/10/2016,1.0,5.0,528.0,24.0,-37.7617,144.8987
ID253438211,1 Newry St,2,h,1220000.0,18/06/2016,1.0,2.0,198.0,6.0,-37.8244,145.0046
ID352005303,29 Elm Gr,3,h,1655000.0,9/09/2017,2.0,1.0,822.0,28.0,-37.788959999999996,145.04728
ID503622790,3 Clive Ct,4,h,950000.0,10/12/2016,3.0,3.0,761.0,49.0,-37.7524,144.8714
ID762977922,2/16 Beaver St,3,t,1370000.0,22/08/2016,2.0,2.0,323.0,49.0,-37.8704,145.0411
ID933517232,86 Waverley St,3,h,1210000.0,3/09/2017,2.0,0.0,411.0,104.0,-37.76285,144.90575
ID769045605,8/66 Riddell Pde,2,u,577000.0,28/05/2016,1.0,0.0,0.0,129.0,-37.8889,145.0043
ID166637236,87 Silver St,3,h,842000.0,3/06/2017,1.0,1.0,960.0,49.0,-37.709,145.14131
ID446539666,2/108 Blackshaws Rd,2,u,380000.0,28/08/2016,1.0,1.0,78.0,59.0,-37.8337,144.8739
ID435473166,45 Norfolk St,2,h,770000.0,25/02/2017,1.0,1.0,329.0,64.0,-37.7887,144.8788
ID303118449,81 Carter St,2,h,1020000.0,14/05/2016,1.0,1.0,107.0,119.0,-37.8468,144.9612
ID249254043,1 Riverpark Dr,4,h,1055000.0,8/07/2017,2.0,2.0,652.0,22.0,-37.87325,145.23244
ID963069447,149 Graham Rd,5,h,1316000.0,26/08/2017,3.0,3.0,696.0,49.0,-37.735009999999996,145.08341000000001
ID577883908,12 Newcastle St,3,h,890000.0,26/07/2016,1.0,2.0,495.0,69.0,-37.7521,145.0114
ID919454259,2/14 Drysdale St,2,u,330000.0,16/07/2016,1.0,1.0,90.0,49.0,-37.7295,145.0243
ID420234789,67 Charles St,2,h,1100000.0,20/05/2017,1.0,1.0,189.0,49.0,-37.7767,144.9924
ID578041332,3/505 High St,2,u,515000.0,10/12/2016,1.0,1.0,743.0,134.0,-37.8017,145.0445
ID675876642,232 Blyth St,3,h,1225000.0,12/08/2017,1.0,1.0,697.0,49.0,-37.87256,144.8078
ID992199446,1/5 Marine Pde,2,u,1100000.0,28/05/2016,1.0,2.0,1458.0,99.0,-37.8695,144.9763
ID984874071,10/3 Allard St,1,u,275000.0,15/07/2017,1.0,1.0,1388.0,49.0,-37.7684,144.94214
ID267142377,14 Avon St,3,h,987000.0,10/09/2016,1.0,1.0,603.0,59.0,-37.9404,145.0464
ID389567287,16/20 Talmage St,2,t,319000.0,24/09/2016,1.0,1.0,0.0,49.0,-37.7796,144.8252
ID457292100,1/6 May St,2,u,640000.0,11/02/2017,1.0,1.0,626.0,23.0,-37.8791,144.9923
ID932161237,332 Albion St,2,h,792000.0,12/11/2016,1.0,1.0,149.0,12.0,-37.7597,144.9528
ID135445161,12 Stan St,2,h,700000.0,3/06/2017,2.0,1.0,533.0,49.0,-37.79443,144.9995
ID803673998,16 Riverview Rd,3,h,1890000.0,19/08/2017,2.0,1.0,632.0,79.0,-37.79094,145.07899
ID993246363,16 Bamfield Rd,2,t,565000.0,6/08/2016,2.0,1.0,201.0,12.0,-37.7426,145.0556
ID984888528,2 Francis Cr,3,t,1900000.0,8/07/2017,2.0,2.0,1869.0,9.0,-37.880959999999995,145.29371
ID911849976,9/457 St Kilda St,2,u,695000.0,8/04/2017,1.0,1.0,845.0,49.0,-37.8888,144.991
ID391700340,60 Somerset St,2,h,935000.0,3/12/2016,1.0,1.0,67.0,21.0,-37.8159,145.0033
ID311192230,63 Harrison St,3,t,937000.0,8/07/2017,2.0,1.0,110.0,19.0,-37.760490000000004,144.98065
ID894885076,5 Viewbank Dr,3,h,823000.0,27/11/2016,1.0,2.0,538.0,39.0,-37.7486,144.8778
ID135114882,6 Maysia St,4,h,2408000.0,27/05/2017,2.0,2.0,654.0,74.0,-37.83208,145.07533
ID561690045,6 Bourke St,3,h,750000.0,1/07/2017,1.0,1.0,236.0,19.0,-37.75403,144.8867
ID466364209,39 Welfare Pde,4,h,1550000.0,8/10/2016,2.0,2.0,662.0,49.0,-37.8588,145.0832
ID741998885,376 Plenty Rd,3,h,930000.0,3/09/2016,1.0,2.0,518.0,79.0,-37.7418,145.0095
ID676293592,40 Waratah St,4,t,950000.0,18/03/2017,2.0,1.0,450.0,79.0,-37.9133,145.0837
ID912113083,17 Tennyson St,3,h,1180000.0,3/06/2017,1.0,0.0,198.0,109.0,-37.807790000000004,144.88887
ID159716852,271 Canning St,5,h,2450000.0,29/04/2017,3.0,2.0,268.0,79.0,-37.7915,144.9737
ID835149528,58 Cassels Rd,3,h,860000.0,22/08/2016,1.0,1.0,184.0,129.0,-37.7563,144.96
ID527663059,1/52 Caroline St,1,u,410000.0,8/04/2017,1.0,0.0,0.0,19.0,-37.8378,144.9883
ID166096102,3/48 Deakin St,3,u,700000.0,22/04/2017,1.0,1.0,227.0,14.0,-37.7496,144.892
ID204359948,1 Dorothy St,3,h,802000.0,27/05/2017,2.0,1.0,450.0,59.0,-37.71872000000001,144.94871
ID631525739,89a Hickford St,3,h,1574000.0,16/04/2016,3.0,2.0,336.0,12.0,-37.7664,144.9797
ID837457817,4/26 Wilmoth St,2,u,390000.0,1/07/2017,1.0,1.0,0.0,8.0,-37.766220000000004,145.01596
ID772648934,306/77 Nott St,2,u,600000.0,8/10/2016,2.0,1.0,995.0,119.0,-37.8407,144.9383
ID435873113,39 Diane Cr,3,h,930000.0,12/08/2017,1.0,4.0,905.0,99.0,-37.78216,145.30721
ID161142774,76 Pridham St,2,h,1182500.0,7/05/2016,1.0,0.0,141.0,119.0,-37.852,145.0061
ID302358617,33 Fenton St,4,h,1750000.0,17/06/2017,2.0,1.0,360.0,109.0,-37.77459,144.92993
ID403380064,4 Kendall St,4,h,3175000.0,12/08/2017,2.0,3.0,558.0,119.0,-37.880140000000004,144.99347
ID558802074,365 Liberty Pde,3,h,525500.0,8/10/2016,1.0,1.0,605.0,59.0,-37.7344,145.0404
ID973663831,3/4 Navigator St,2,u,330000.0,30/07/2016,1.0,1.0,0.0,49.0,-37.7689,144.8981
ID536149022,4 Ryan Gr,4,h,1258000.0,27/05/2017,1.0,2.0,769.0,39.0,-37.83998,145.15198
ID513738983,72 Military Rd,4,h,680000.0,24/09/2016,2.0,2.0,554.0,59.0,-37.7649,144.8633
ID370955969,51 Rowland St,2,h,4800000.0,3/09/2016,2.0,1.0,697.0,29.0,-37.812,145.0547
ID343156283,17 Timbarra Dr,4,h,665000.0,22/07/2017,2.0,2.0,520.0,5.0,-37.91859,144.64143
ID583514659,88 Maddox Rd,4,t,940000.0,3/09/2017,2.0,2.0,510.0,3.0,-37.84815,144.86866
ID438035153,78 Olympus Dr,4,h,1182500.0,27/11/2016,2.0,2.0,650.0,44.0,-37.7764,145.1216
ID541318594,32 Murray St,2,h,949500.0,13/05/2017,1.0,1.0,689.0,59.0,-37.7052,144.964
ID218764080,39 Farm Rd,3,h,910000.0,16/09/2017,1.0,2.0,541.0,59.0,-37.96306,145.0803
ID676754622,17 Fairview St,5,h,5510000.0,3/06/2017,2.0,5.0,820.0,48.0,-37.83031,145.02973
ID294816390,21/33 Murphy St,2,u,803000.0,22/05/2016,1.0,1.0,0.0,89.0,-37.8374,144.9903
ID264453059,8 Kennedy Pde,4,h,465000.0,26/08/2017,2.0,1.0,417.0,20.0,-37.62273,144.92567
ID386563200,86 Hickford St,3,h,651000.0,6/08/2016,2.0,3.0,649.0,69.0,-37.705,145.0216
ID912121437,235 Military Rd,3,h,863000.0,28/08/2016,2.0,3.0,638.0,59.0,-37.7546,144.8585
ID968049982,75 Woods St,4,h,1620000.0,14/05/2016,3.0,1.0,425.0,4.0,-37.8456,144.8741
ID334542684,12 Leonard St,4,h,1350000.0,24/09/2016,2.0,1.0,727.0,12.0,-37.8669,145.1106
ID675876642,232 Blyth St,3,h,1225000.0,12/08/2017,1.0,1.0,697.0,49.0,-37.87256,144.8078
ID583514659,88 Maddox Rd,4,t,940000.0,3/09/2017,2.0,2.0,510.0,3.0,-37.84815,144.86866
ID656431980,49 Gowrie St,4,h,1137500.0,4/06/2016,1.0,2.0,696.0,7.0,-37.9157,145.0802
ID271065129,7/19 Waxman Pde,3,u,763000.0,17/06/2017,1.0,1.0,138.0,49.0,-37.75904,144.93388000000004
ID794212122,6 Farm Rd,4,h,650000.0,18/06/2016,2.0,2.0,312.0,5.0,-37.7362,144.9714
ID577883908,12 Newcastle St,3,h,890000.0,26/07/2016,1.0,2.0,495.0,69.0,-37.7521,145.0114
ID276478743,51 Kellett St,4,h,1590000.0,4/06/2016,1.0,1.0,484.0,94.0,-37.7672,145.0095
ID912113083,17 Tennyson St,3,h,1180000.0,3/06/2017,1.0,0.0,198.0,109.0,-37.807790000000004,144.88887
ID191254206,39 Winifred St,4,h,1350000.0,23/09/2017,2.0,2.0,264.0,23.0,-37.76898,144.9858
ID229918522,3 Stenson Rd,3,h,515000.0,10/12/2016,1.0,4.0,597.0,44.0,-37.7392,144.8241
ID679157958,5A Edward St,2,t,515000.0,3/09/2017,1.0,2.0,177.0,6.0,-37.70982,144.96397
ID762977922,2/16 Beaver St,3,t,1370000.0,22/08/2016,2.0,2.0,323.0,49.0,-37.8704,145.0411
ID983894011,3 Border Dr,3,h,918000.0,22/07/2017,2.0,2.0,669.0,19.0,-37.73936,144.85873999999995
ID857603265,1/41 Morang Rd,1,u,450000.0,11/03/2017,1.0,1.0,0.0,49.0,-37.8237,145.0242
ID993246363,16 Bamfield Rd,2,t,565000.0,6/08/2016,2.0,1.0,201.0,12.0,-37.7426,145.0556
ID574234988,4a Cohen St,3,h,583000.0,10/09/2016,1.0,1.0,412.0,16.0,-37.7459,144.8643
ID347104586,2/105 Raleigh Rd,2,t,479000.0,14/05/2016,2.0,1.0,0.0,64.0,-37.7691,144.8905
ID257241414,81 Kubis Dr,4,h,1005000.0,29/07/2017,2.0,2.0,785.0,69.0,-37.79465,145.2244
ID493514120,215 Derby St,3,h,840000.0,29/07/2017,1.0,1.0,438.0,39.0,-37.71962,144.94756
